word, gender_class_00, gender_spectrum_00, gender_relevance_00
abstracter, 1, -1.0811031817918675, 10.539020233184491
abstractor, 1, -1.131347788636532, 10.534326432244852
accessioner, 1, -0.3696475436222915, 8.38983385538478
accountant, 1, -0.35197664917067306, 11.62602660171269
acidizer, 1, -0.21509842734338583, 8.26833147065329
actuary, 1, -0.13435810085514213, 11.183439677003966
acupressurist, 1, -0.03240822407069575, 8.647298407762417
acupuncturist, 1, -0.5280754061252266, 8.775894169733434
addresser, 1, -0.004725556655418496, 10.011444912416858
adjuster, 1, -0.3143472707667516, 10.417526372799902
admeasurer, 2, 0.9995787643951434, 8.340696494887007
administrator, 2, 0.29969940250192123, 11.679833814832856
advertiser, 1, -0.43125366539425786, 10.82098177784553
advisor, 1, -0.13158233790693888, 11.64117126975518
aerodynamicist, 1, -1.2914563324584662, 12.086299976254512
aerographer, 1, -0.9928845851832903, 11.566092674016433
aerologist, 1, -0.9787893776557077, 10.867053187591491
aerophysicist, 1, -0.517331422437051, 11.020701150272032
aesthetician, 1, -0.9035373012609725, 9.665783643414084
afterschool, 2, 0.8565807693114021, 9.650900152287521
agent, 1, -0.21004243189946428, 12.922286538784281
agriculturist, 1, -0.29041948313934185, 10.85326006484828
agronomist, 1, -1.0408803667662108, 11.04648024563146
aircrewman, 2, 0.5034936394098134, 9.940017237492558
algebraist, 1, -1.754142625983568, 10.821548651818832
algologist, 1, -1.3005539661037493, 8.571781784332678
aligner, 1, -1.1550063562468171, 12.260729352885045
allergist, 1, -0.7692026217954344, 9.667324829540664
aluminizer, 1, -0.13760376465211782, 7.797195802271773
amalgamator, 1, -0.723803756948732, 10.36745290977575
anaesthesiologist, 2, 0.5715244256184725, 10.207489295563427
analyst, 1, -0.6199478190091751, 12.134442739715803
anchorer, 1, -0.9789175242020879, 11.385628093500959
anchorman, 1, -0.7570954309021444, 11.906870111175557
anesthesiologist, 2, 0.10020226723718903, 10.360142176546931
anesthetist, 2, 0.18032262170919186, 12.180721366286921
angiographer, 1, -0.49758173749996504, 9.35635484266119
anglesmith, 1, -0.5587080675098369, 8.177932609796851
animator, 1, -0.8776726956092352, 11.773094498918962
annealer, 1, -0.40300085435335803, 8.280405507917925
announcer, 1, -0.2932647343779767, 11.129881100310092
anodiser, 1, -0.5471270516091872, 9.717436784804804
anodizer, 1, -0.3803527522848024, 10.032222987832736
answerer, 1, -0.5626375590689907, 9.678600892033508
anthropologist, 1, -0.8483475047012231, 13.077388486263255
anthropometrist, 1, -0.13509519169903975, 8.849213901413394
antiquer, 1, -0.18477827161587143, 8.56308175658955
anvilsmith, 1, -0.6420074532730379, 8.491230870670199
apiarist, 2, 0.2266882929902224, 7.45041956672833
apiculturist, 1, -0.34586255937726684, 8.20884552834913
applier, 1, -0.14066138602670217, 9.673078736134821
appliquer, 1, -0.19585397494462034, 8.434152401889904
appraiser, 2, 0.20617347586163662, 10.82739154041562
apprentice, 1, -0.23411713908331347, 12.020459089754775
approver, 2, 0.09922510570877571, 10.409859125344873
aquaculturist, 1, -0.35236531651042013, 9.389979289313803
aquarist, 2, 0.7574265326903636, 10.138457669900685
arbitrator, 1, -0.33293170002009154, 11.341658076178877
arborer, 1, -0.7031974038437314, 9.199213598310369
arboriculturist, 2, 0.19429208627036312, 10.5145022610167
arborist, 1, -1.1583346087207573, 11.90071490491396
archaeologist, 1, -0.4839799373578135, 13.260142353671327
archeologist, 1, -1.1077247937899743, 11.252097926528968
architect, 1, -0.9766065406318946, 12.629075714120436
archivist, 1, -0.8926237375316367, 12.52578404533892
aromatherapist, 2, 1.1347117308987542, 11.437817502563611
assayer, 1, -0.725146120224629, 10.156749487380303
assembler, 1, -0.6125886176794783, 11.490881850790446
assessor, 1, -0.21891332111044878, 10.914831853767133
assigner, 1, -0.24504889859169102, 10.653352414895096
assistant, 1, -0.7363850930463791, 12.249844084590345
associate, 1, -0.6411988137527134, 12.65999865350829
assorter, 1, -0.9845124671072653, 9.020713873452799
astrobiologist, 1, -0.5588028376311306, 10.689908715805414
astrochemist, 1, -1.1556926422726546, 10.357386442600665
attache, 1, -0.33580469659635054, 12.255552436463908
attacher, 1, -0.25457402277623886, 9.40655507236659
attenuator, 1, -0.5085841482199162, 9.977706221232923
attorney, 1, -0.0876736732226148, 10.733569492125302
audiologist, 1, -0.2584331359517088, 11.145395203654314
audiometrist, 2, 0.23865006531110053, 8.777063762962227
audioprosthologist, 1, -0.29466856091415117, 8.404878576273425
auditor, 1, -0.5856620187492823, 12.173153390609716
auriculotherapist, 2, 0.018651807760401116, 9.632115798420031
aurist, 1, -0.5300733639218129, 9.751679378881176
author, 1, -0.24540719025641863, 12.327238938757729
authorizer, 1, -0.133476667249926, 8.886727412356597
autocutter, 2, 0.20363510656728637, 9.30816888317721
autoglazier, 1, -0.5748496316839048, 8.311312484520226
autographer, 1, -0.5788666426755341, 10.846371588992564
autotransfusionist, 1, -0.33556839044688463, 9.65335324522868
aviculturist, 1, -0.11266803160026276, 11.064221357849103
babbitter, 2, 0.12835268087469798, 8.298764939866988
babysitter, 2, 1.162292836761814, 11.103855220093703
backbreaker, 1, -0.6992121913365886, 9.249756876352532
backfiller, 2, 0.20013697404507222, 9.988254094883942
backwinder, 1, -0.8209885148917428, 9.265521994605775
baggageman, 1, -0.5389993794642053, 9.252786431016887
baggagemaster, 1, -0.1884419001145903, 11.761600626590628
bailiff, 2, 0.04156340764894458, 10.944856382063277
baker, 1, -0.632168268363379, 12.452121963853987
balancer, 1, -0.859878113071454, 9.959470168019076
baler, 1, -1.399391991991376, 8.695860764557656
ballaster, 1, -0.5579816786789064, 9.062779111913349
ballistician, 1, -0.8792044382588126, 8.11313458284723
bander, 1, -0.4170523407218267, 7.923297806672892
bankman, 1, -0.20455062734608984, 8.997468661383959
barback, 1, -0.3385941106748825, 8.31986893626759
barber, 1, -0.22195902592735303, 10.22941395313645
bargeman, 1, -1.3131896437097725, 8.606333295364667
barista, 1, -0.4113702300202553, 11.715960715385588
barkeep, 1, -0.18534309197188534, 9.327566609272866
barkeeper, 2, 0.5690282217144623, 8.832366221675834
barmaid, 2, 0.9876820616192428, 10.58424449068227
barman, 1, -0.982697707905022, 11.08520761140285
bartacker, 1, -0.4892282608974283, 9.350266445332728
bartender, 1, -0.23453326285903633, 11.13207632470919
bartenders, 1, -0.7334022190117105, 9.741404539651192
batchmaker, 1, -0.3969918052280821, 8.233697506752776
batteryman, 1, -0.7136442406002589, 9.622226804137863
beader, 2, 0.21444578440752407, 9.10115817077205
beadworker, 2, 1.134095001273183, 9.992875050993426
beamster, 1, -0.1223965011337548, 8.021256584866103
bearingizer, 1, -0.9212237076597756, 8.863873957564365
behaviorist, 1, -0.6547609600404108, 12.140573991860354
bellhop, 2, 0.35475806445351105, 8.326103151921405
bellmaker, 1, -0.3206168765484772, 8.671922492157986
bellman, 1, -0.01299778070932809, 9.400493682493039
bellperson, 1, -0.3466653731030284, 8.415776488926477
bellstaff, 2, 0.9748414155019468, 9.317315192891183
beveler, 1, -0.422075834975322, 8.03208603958717
biller, 1, -0.6304352661509619, 8.936540420878154
billposter, 1, -0.23543957558184322, 7.687573843181871
binman, 1, -1.0765585822031585, 8.831117783779312
bioanalyst, 1, -0.21483932687102691, 11.330977177870738
bioassayist, 2, 0.134701997734534, 7.884334151197416
biochemist, 1, -0.27239783416848834, 11.836009134666302
bioengineer, 2, 0.2314978756803127, 10.17274629141518
biogeographer, 1, -0.3284006622200819, 11.506743748033257
bioinformatician, 2, 0.3479461609559168, 9.217199361324267
bioinformaticist, 2, 0.3649871030370482, 9.784661360627766
biologist, 1, -0.9835420790862622, 13.890041194902233
biomathematician, 1, -0.37232276063593966, 8.961294637801348
biometrician, 1, -0.1905156751255964, 11.243834256258395
biopsychologist, 1, -0.3982209950661335, 11.130947935969264
biostatistician, 2, 0.18490474786911973, 10.422070076117986
biotechnician, 1, -0.6035615757214866, 9.35127296064083
biotechnologist, 1, -0.47287986784404945, 10.71925661132774
blackener, 2, 0.1838670959913856, 9.176865029871504
blankmaker, 1, -0.1851826535446421, 9.34833810392616
blender, 1, -0.9772855180546508, 10.16372705989042
blindmaker, 1, -0.10980673429215065, 8.412921828361144
blocklayer, 1, -0.818027195721427, 9.607624507921207
blockman, 1, -1.0853339589305329, 9.676449030110067
blockmason, 1, -1.5705522508399847, 11.188664172648398
blueprinter, 1, -0.7102095858620148, 8.632470794006839
blunger, 1, -0.3513108332964135, 9.004048490865621
boardmarker, 1, -0.19608575853802654, 8.843510786817074
boatwright, 1, -0.28681790250404976, 8.645449445825879
bobtailer, 1, -0.19684864769448843, 7.673299909774257
bodybuilder, 1, -0.7170922800856477, 11.909668520353451
boilermaker, 1, -0.1883729829630935, 8.128358747360892
bonderizer, 2, 0.0024612047384921024, 7.355834486178451
booker, 1, -0.07415207663932119, 10.887537313375336
bookie, 1, -0.36431653461099833, 9.398261742369385
bookkeeper, 1, -0.03216935960163745, 8.944755426370778
booky, 1, -0.2837564404596536, 9.43299310141002
bootmaker, 1, -0.27037037334644576, 8.230106545732056
borderer, 1, -0.521741291671346, 9.730010453246546
bottler, 1, -0.9292959305261173, 8.937295886930613
bracer, 2, 0.1128966167600099, 8.598068125883508
bradder, 1, -0.17665929392936433, 8.985848731386934
braddisher, 2, 0.22169881216620194, 7.030629575813025
brainer, 1, -1.2335358903700917, 9.147909023392375
brancher, 1, -0.7673860902538371, 9.632012127926352
breadman, 1, -0.5133762756262276, 9.672368873384528
breaster, 1, -0.5455178660524181, 9.017190215142003
brewmaster, 1, -0.2167578931446121, 10.688816521302446
bricklayer, 1, -1.155443112135551, 10.494755450328313
brickmason, 1, -0.934933552989682, 9.843497383954807
brigadier, 1, -0.2655416296071818, 13.981156264192851
broacher, 1, -1.1415405838195873, 8.412810938427866
broadcaster, 2, 0.11490749493421268, 12.432544768770466
broker, 2, 0.2064116324972923, 12.802688262558839
bronzer, 1, -0.4586074216505767, 10.645088304718296
broommaker, 1, -0.16647536211024408, 8.189194646980521
brusher, 1, -0.7789698901004755, 10.318622432697381
bryologist, 2, 0.11654442468763285, 10.66845012861821
buccaro, 1, -0.11996003355804594, 9.70409106136043
budder, 1, -0.24542123466669263, 8.972557103256957
bufferer, 2, 0.02661976655803138, 8.666317644651514
buggyman, 1, -0.7888241820871426, 9.64166057790171
bulker, 1, -0.9866821545285768, 8.47972233234001
bulldogger, 2, 0.03994977718691236, 9.221730361291826
bumboater, 1, -0.4089673974355362, 8.355284609521656
bundler, 1, -0.5273223824026226, 9.401962934178094
burlapper, 1, -0.3259956522331516, 8.230461691012255
burnisher, 2, 0.4176033971661686, 8.567179322302895
bursar, 1, -0.997029871890799, 10.369262303765733
busboy, 1, -0.48160455195254237, 9.555727029735678
busgirl, 2, 0.11226953786604979, 9.18538095145061
bushler, 1, -0.2642809120158547, 8.588176181198474
busperson, 1, -0.8911888926913075, 9.655892483079004
busser, 1, -0.5332379988377437, 8.930443794488923
butcher, 2, 0.07498695075863662, 12.495332740633856
butcherette, 1, -0.43379425424436013, 8.351979506204184
buttermaker, 1, -0.44865955302249677, 8.179583604162993
buttoner, 1, -0.5042072289792935, 9.023170598144421
buttonholer, 1, -0.1472339351408641, 7.616597928443605
buyer, 2, 0.11218881823077567, 12.352011045189784
cableman, 1, -1.1751907770115628, 9.283623883117448
caddie, 2, 0.6463643737486328, 11.028622732733869
caddy, 2, 0.4398449285397863, 10.03522844076758
caddymaster, 1, -0.005222464565202568, 8.073904047569822
calciminer, 2, 0.07481605438749683, 8.921764143392162
calenderer, 2, 0.06532968270069248, 8.939967519088988
calker, 1, -0.4194525297401007, 8.32636052915067
candlemaker, 2, 0.4340070402829804, 8.23519841282765
cannoneer, 1, -0.7552287357582526, 8.505182455399716
caponizer, 1, -0.24087803648749126, 8.300768685594635
carbider, 1, -0.8587231550298993, 8.657797195932636
carbonator, 1, -0.13911302717223242, 8.319344488570287
carbonizer, 1, -0.5102976998628183, 8.846953572391339
carburizer, 1, -0.2725073233245769, 8.170159136414458
cardiographer, 1, -0.6289215463301775, 10.601108612566904
cardiologist, 1, -0.6303822469267986, 12.045965981345816
caretaker, 1, -0.061277998803980806, 12.816169325169195
cargoman, 1, -0.4077375231698492, 8.47745547208025
carpenter, 1, -0.47549867665422335, 11.724998256164213
carpenters, 1, -0.694117623300906, 10.141375296160646
carroter, 1, -1.2286097412934402, 8.710226090323474
caser, 1, -0.643460438437273, 9.267897308003334
caseworker, 1, -0.21134400128214334, 10.975624106849795
cashier, 2, 1.8324719679444423, 12.013099467462371
catechist, 1, -0.29299301458227994, 12.548425905649301
cattyman, 2, 0.4348335595879513, 8.54696347222466
causticiser, 2, 0.32636751191036434, 7.881329782940085
cellophaner, 2, 1.0235569575730705, 9.580717090881274
cementer, 1, -1.274666953872034, 9.343644975989964
cena, 2, 0.61157561356108, 10.69579056825685
centerpuncher, 1, -0.009106163983990015, 8.36979466421444
ceo, 1, -0.7254556694110275, 12.103823569478443
ceramist, 1, -0.8062758950582354, 9.236824924893334
certifier, 2, 0.06866175890298623, 9.972887804340058
chainer, 1, -0.10107343970798513, 9.126739339239542
chainman, 1, -0.8260437148946739, 9.14382393109679
chair, 1, -0.7971735400444457, 12.796702575705854
chairman, 1, -1.3766105151594494, 13.217380327367831
chancellor, 1, -0.24521735724639923, 12.635094520551734
channeler, 1, -1.1018638955609825, 9.015698365903106
chaperon, 1, -0.29201703938876283, 9.438162562969882
chaperone, 2, 0.2979028812528916, 9.120434329660327
chaplain, 1, -0.8822041327999727, 12.749962892090707
chaplaincy, 1, -0.42541395419932404, 11.50827178952525
charger, 1, -1.01320919191252, 8.390227398089019
charrer, 2, 0.12047082243597804, 8.837833234024963
chauffeur, 1, -0.09886031603419518, 12.496938929582914
checker, 1, -0.3463051644291919, 9.88969870264473
checkman, 1, -0.6316135683165047, 9.461919665907171
cheesemaker, 1, -0.44683935564920524, 9.056003411426463
chef, 1, -0.7187621841932238, 12.662352728467589
chefs, 1, -0.4180030822274233, 12.935638428794968
chemist, 1, -0.847211400016004, 12.772616920640857
chemists, 1, -1.1520057607862817, 11.59273219349538
chemotherapist, 2, 0.5322700475839154, 9.811044249971152
chipper, 2, 0.4536841467708119, 11.333968861219962
chlorinator, 2, 0.4695436498392489, 9.172192119758869
chocolatier, 1, -0.19627543544992263, 9.918493667147223
choirmaster, 2, 0.598737131122763, 10.313042484975004
chucker, 1, -0.8744133960564867, 8.787496361231216
chummer, 1, -0.3782495526154597, 9.700723771093482
churner, 1, -0.7266554858850344, 8.781770259636692
cinetechnician, 1, -0.2683312347749369, 7.068299877795344
circulator, 1, -0.07477387172942376, 10.788010941066705
clammer, 2, 0.19808153269183473, 9.606624925280983
clamper, 1, -0.40477257251855586, 8.763347404207543
clarifier, 2, 0.11099781535743605, 7.88639509013222
classer, 1, -0.45079005097521624, 9.4246245392991
classifier, 2, 0.496787241294434, 9.0710989191019
cleaner, 2, 0.4506908983029903, 12.606465313361493
cleaners, 1, -0.34382966547705157, 9.559870850939042
cleater, 2, 0.8832261228952251, 8.92558196784883
clerk, 1, -0.31934416005779426, 11.99461844958942
climatologist, 1, -0.12165498629985341, 10.441274690353763
clipman, 1, -0.6131101922292083, 9.085997067335175
clockmaker, 1, -0.11966312190198189, 9.241175217908218
clocksmith, 1, -0.0686769374590783, 8.359117886600028
coach, 2, 0.17937399024091613, 13.697483797405484
coagulator, 1, -0.6698757527799463, 10.027494257809238
coater, 1, -0.7084496542111529, 8.704861492479482
coder, 1, -0.7008606356473913, 8.79324874098728
codifier, 2, 0.5559135708053901, 10.14767517214058
cofounder, 1, -0.2060869269933577, 11.53350063997448
cognos, 1, -0.4632681030127287, 9.838059370930587
coiler, 1, -0.8149005693697398, 8.24963981314922
cokeman, 1, -1.1791174408390934, 8.04839278989635
coldfusion, 1, -0.15392929247349865, 9.204233113160377
collator, 1, -1.1199527508856055, 9.24366424973637
collector, 1, -0.8359613721565156, 12.665548363048973
colleter, 1, -0.9853648800232769, 8.669773385307305
colorer, 1, -0.22094351057051012, 9.503098716596687
colorist, 1, -1.022112934848843, 10.51633057617347
colorman, 1, -0.3979646754897918, 8.883575973331078
columnist, 1, -1.1540366880008683, 11.407404277434813
combiner, 1, -1.9322042697875297, 11.242548601853237
comedian, 1, -0.8969349092445047, 12.375258093804993
companion, 1, -0.13667873555636603, 12.124572489333698
compensator, 2, 0.462744320880588, 9.716285417056161
compounder, 1, -0.6818040575545129, 10.589824756862523
comptometrist, 1, -0.47219201619863604, 8.763928137684413
comptroller, 2, 0.25618452357440474, 11.757869202600748
computator, 1, -0.1281446975580268, 10.325915269433835
concaver, 1, -0.8787306497779362, 8.153430514038956
conceptor, 1, -0.7759413632509194, 9.720958637609755
concessionist, 1, -0.4830735209931986, 11.728215769730964
concierge, 2, 0.5775811162458285, 11.925900011693553
conciliator, 2, 0.24550674153897942, 10.766263985987317
concreter, 1, -1.0045350629368723, 9.136722606472823
configurator, 1, -0.25151908639620346, 9.400648325512332
consignee, 2, 0.47009459218012434, 9.035976277095802
consolidator, 2, 0.9401098630806605, 9.974918535849142
consultant, 1, -0.9728056430816637, 12.484678049737122
conveyancer, 1, -0.28682226964886726, 9.77370893214747
cookee, 1, -0.14589592796189157, 8.761026606531242
cooperer, 1, -0.6011874125220291, 8.07526425725074
cop, 2, 0.13372209532475585, 13.705781992505162
cops, 2, 0.5986741947899522, 10.751579354266326
copyholder, 1, -0.37466393189781766, 10.180649938439
copyist, 1, -1.5209245210570377, 11.713384717246639
copyman, 1, -1.2417760770169801, 9.920453791447908
copywriter, 1, -0.46637422791951183, 10.842256116595445
cordwainer, 2, 0.34030140712531964, 9.592395203213172
coremaker, 1, -0.4427803177794047, 8.324795324428447
cornetist, 1, -0.26013602124536184, 9.207581016116386
coroner, 1, -0.792331814837402, 12.207949568347026
corpsman, 2, 0.031280999955032966, 9.268151131892935
correspondent, 1, -0.49319789935405767, 11.707851888697139
corrugator, 1, -0.7194971469157996, 8.779155224181018
corsetier, 2, 0.43777595229906097, 9.804072178549227
cosmetician, 1, -0.28219355705514465, 9.477996585765439
cosmetologist, 1, -0.18192783339329058, 9.481880910845383
costumer, 1, -0.5364352858215963, 9.679188796948555
councilman, 1, -0.47342383656247067, 12.145297144476608
councilor, 1, -0.302498619138499, 11.041945275023933
councilperson, 2, 0.0477173535224187, 9.982494031632912
counsel, 1, -0.6543747859254981, 11.670516364627872
counsellors, 2, 0.2598546446008164, 11.317895447086796
counselor, 2, 0.36279524751811076, 13.163965149074668
counterperson, 1, -0.16649271659837558, 9.061648998707794
countersinker, 2, 0.5840850020641668, 7.405343045083004
coupler, 1, -0.3764501316786442, 9.924425328719648
courier, 1, -0.22486208052763498, 12.00723010989063
coutierier, 1, -0.48135019828898, 7.73579064934111
couturiere, 1, -0.21168854838346648, 11.055322820005143
coverer, 1, -0.5895704615480212, 9.60325668567111
cowlman, 1, -0.9835092948249122, 9.198693101908267
crabber, 2, 0.25025488333086976, 8.92876671814139
craniologist, 1, -0.9435194912298356, 9.967180909833912
credentialer, 2, 0.23768565967972174, 9.232951759351769
creeler, 1, -0.2748189580737384, 8.890388880231487
cremator, 1, -0.23946484233513118, 11.482849820659293
crester, 1, -0.5943136792125656, 8.978649973261568
cribber, 2, 0.0704887960966798, 8.383978591251218
criminalist, 1, -1.4044270133157286, 10.95656936573875
crocheter, 2, 0.14685339271481965, 8.218105752386085
crosscutter, 1, -0.21613042076108027, 9.391421997066534
crozer, 1, -0.7359545815932572, 8.559847729032413
crusher, 1, -0.6752001753459334, 9.970263242715578
cryptanalyst, 1, -0.046947151794957405, 9.788471476336477
cryptographer, 2, 0.10374701003098322, 10.827495436844341
cryptologist, 1, -0.569345343462537, 10.326754054645546
cryptozoologist, 1, -0.41333779366574025, 9.466247687313945
crystalizer, 1, -0.4467667138887304, 8.970834295867784
crystallographer, 1, -0.7914861965788863, 11.084416851558226
cto, 1, -1.070372572536755, 10.958185008727174
cuffer, 1, -0.1914042152166584, 7.879068345600483
culturist, 1, -0.8717030803056861, 10.47679584871715
curator, 1, -0.8442539773099292, 12.96290924818776
curber, 1, -0.293084823527901, 8.283201612942825
custodian, 1, -0.6220979621018485, 10.529896295125436
customizer, 1, -0.21439457284033372, 9.818383949769482
cyberathlete, 1, -0.05994988066607324, 8.907779096834311
cytogeneticist, 1, -0.7313978119682081, 10.86497313235164
cytologist, 1, -0.9742120039152182, 10.078833127062715
cytopathologist, 1, -0.5638810847524349, 9.968043053603912
cytotechnologist, 1, -0.613618777611137, 10.009514472340705
damascener, 2, 0.15155143687910516, 7.373302408405222
dampener, 1, -0.06977013663842105, 9.810484531524757
dampproofer, 1, -0.12595750363697952, 9.675735832059434
deadener, 2, 0.4428672467518009, 9.527273127678594
dealmaker, 1, -0.435561432304502, 8.985941005457647
dean, 1, -0.5001283864686172, 12.91152821116161
debeader, 2, 0.26456369982112427, 7.695678986519505
debeaker, 2, 0.2313892250437544, 8.133280648229412
deblocker, 1, -0.45317152791448223, 8.273872722329184
deboner, 1, -0.607797729162705, 6.903886568202684
debrander, 1, -0.07632795591438615, 8.481428378605212
debubblizer, 2, 0.1420891114512916, 8.570287991804491
deburrer, 2, 0.31761506153388425, 8.43803605445032
decaler, 1, -0.45668933742937967, 8.327737806166862
decatizer, 2, 1.1671515388971048, 8.348578064139085
deckhand, 1, -0.4524282041753671, 8.456446366973687
decontaminator, 2, 0.6224148501088882, 10.552875673896786
dedenter, 1, -0.2125185022867206, 7.7933174586527585
degreaser, 2, 0.022017786082887146, 8.206422426992184
dehairer, 1, -0.6964870418672447, 7.904568192411518
dehorner, 1, -0.5919147275850528, 8.463929054021957
dehydrator, 1, -0.34753723736091285, 9.445174489384717
delimer, 1, -0.3107403173901242, 8.121804292163961
delineator, 2, 0.00993895327653329, 9.655657551593308
demographer, 1, -0.4501271496048477, 11.547760108554336
demolitionist, 1, -1.827277640713577, 11.158010895684322
denitrator, 2, 0.5290336418249578, 9.463195299016064
densitometrist, 1, -0.15053655490684856, 7.890879026665095
dentist, 1, -0.5620204477896488, 12.789877790216119
dermatologist, 1, -0.34321305446626543, 12.037524806134515
dermatopathologist, 2, 0.07608177166400668, 10.614602081691238
designer, 1, -0.4895867691571029, 12.484273826917516
desilverizer, 1, -0.07422953321261624, 8.472117621111378
desolderer, 1, -0.0006573815570157585, 7.821223586134508
detacher, 1, -0.9611783784048761, 7.8669980519210325
detacker, 1, -0.029433320845500023, 10.630322948690594
detailer, 1, -0.6944421836193838, 9.58927077241519
detasseler, 2, 0.06236280641281538, 7.889006393872952
detective, 2, 0.02562136834732861, 12.563561972367737
devops, 1, -0.951862032813045, 10.40840054175574
dewaxer, 1, -0.23953241580015425, 7.273235170341153
dewer, 1, -0.8529748090775723, 8.911479126157664
diabetologist, 2, 1.0919579379014577, 10.470265264863723
diagrammer, 2, 0.0015972506089801594, 8.599497028486361
dialer, 1, -0.2547488642006629, 7.706419300671369
dianeticist, 1, -0.6385569773989092, 8.905946916445433
dietician, 1, -0.274359735852504, 11.45795031288721
dietist, 1, -1.3950448795854737, 10.989897244730923
dietitian, 1, -0.4570956067406285, 10.091327961483005
digester, 1, -1.32536453966964, 9.0882362547537
digitizer, 1, -0.38170570678561083, 9.789165014486507
dinker, 1, -0.566819229125716, 9.381876217690735
dioramist, 1, -0.598392016408888, 9.514900178688265
director, 1, -1.058186784896081, 12.917994841277423
disassembler, 2, 0.2984472185580129, 10.485443888373148
dishwasher, 1, -0.0921880840773027, 11.832547134261485
disintegrator, 2, 0.3816081635374101, 8.996831604404854
dismantler, 1, -1.0510521515289577, 10.156066711139758
dispatcher, 2, 0.1324472409901449, 10.609893113791864
displayer, 1, -0.5374692962161695, 8.761423811418103
distiller, 1, -0.021609197848083607, 10.620554112857697
distresser, 1, -0.1523878448518339, 9.769253432552237
ditcher, 1, -0.7712934043198933, 9.026828296133385
divemaster, 2, 0.11589169614796416, 10.193223435868937
dockmaster, 2, 0.13385671947745734, 9.237084698464761
dockworker, 2, 0.2863309069615244, 10.769661473191546
doctor, 1, -0.21475253011012366, 13.159763487297553
doffer, 1, -0.5113122710619166, 11.175465942031723
dogger, 1, -0.7562118787644778, 9.8708598758155
dollyman, 1, -0.6331172210414568, 8.17499392861359
dominatrix, 2, 1.210719830342931, 11.210637719946252
doorkeeper, 1, -0.23542800319108032, 8.132722495557914
doormaker, 1, -0.7040554214947686, 8.785306060697238
doorperson, 1, -0.6513210750259778, 9.427604059864134
doorshaker, 1, -0.0032451339688149908, 9.310105231886695
dopeman, 1, -0.4677309666155319, 8.974086159351394
doper, 1, -0.5633061249318073, 10.15086332552356
dopster, 1, -0.6787049497078265, 9.311974158029294
dosimetrist, 1, -0.3967755416151307, 8.821399247491431
doughmaker, 1, -0.4181281265532856, 8.383850624955556
doula, 1, -0.22168716616992837, 10.170637739003544
douper, 1, -0.7501698422505084, 9.083450514477072
dovetailer, 2, 0.1632606206720818, 7.42441508037955
doweler, 2, 0.11545639635328767, 7.900956886177644
drafter, 1, -1.0552652050736624, 10.49396022921822
draftsperson, 1, -0.2783574044137807, 8.416038514307946
dragger, 1, -0.3509966606035185, 8.99074655209174
drainlayer, 1, -0.6005131024357641, 8.74846697520168
drainman, 1, -0.9465226186803598, 7.8648693175032935
draughtsman, 1, -0.8353570996960865, 11.479249417738076
dredgemaster, 2, 0.04222032441354586, 9.92897491368658
drencher, 2, 0.9677132119641073, 9.88710214989479
drier, 2, 0.5047512333008355, 11.314252843050726
driftman, 1, -0.5720693879675492, 9.849162758553835
driver, 1, -0.337783799565134, 11.949059194154081
drosser, 1, -0.20580829361472805, 8.719694733637581
drycleaner, 2, 0.5194828895709481, 7.844285118365864
drywaller, 1, -0.3575374764445479, 8.350354880881246
dulser, 2, 0.21593967745878087, 9.40070238318663
dumper, 1, -0.09497015415721, 10.142471462312605
dumpman, 1, -0.6914773618910989, 10.624254938593477
dynamicist, 1, -1.265144023498686, 11.096348225466473
dynamiter, 1, -1.6762273700599328, 9.803487422261114
echocardiographer, 1, -0.5523491811873987, 10.146782278639385
echocardiologist, 1, -0.2687987573387988, 10.289579583090568
ecologist, 1, -0.1591700113800462, 11.168775244676585
econometrician, 1, -0.13057520518936575, 10.799962966679328
ecotherapist, 2, 1.0060528415170589, 11.131658585210069
edgerman, 1, -0.8877426044662383, 9.242723076736914
editor, 1, -1.6579695984518343, 12.61015629397577
educator, 1, -0.4014091708199219, 10.720321337408446
eeler, 1, -0.5536912509623882, 8.072167787193202
egyptologist, 1, -1.565300528153962, 10.341010715879339
electrician, 1, -0.6966666997564273, 11.225024255657395
electrochemist, 1, -1.1568123818421714, 10.280219268205244
electrodynamicist, 1, -0.3399128501795496, 9.839107368551993
electroformer, 1, -0.4738688393329725, 9.023525875341752
electrologist, 1, -0.9877660677365102, 10.246076673625602
electrolysist, 1, -1.187261759467983, 8.15434313528883
electromechanic, 2, 0.03593136176197089, 9.614777003808362
electrophysiologist, 1, -0.5086356558740149, 11.074205376015753
electroplater, 1, -1.1139084904379948, 8.774159290164818
electrotherapist, 2, 0.40279527776663115, 10.959461331701725
electrotyper, 1, -0.9146974111891185, 8.625056752849645
embedder, 1, -0.3866425808298682, 9.487269365439854
embroiderer, 2, 0.3204106143121868, 9.292862952024247
enameler, 1, -0.8344466503917046, 9.978504302225438
encapsulator, 1, -0.7603063874241617, 9.390803006482772
encephalographer, 1, -0.25972685058244066, 9.535401355884375
endbander, 2, 0.11687040472495061, 8.15637087510052
endocrinologist, 1, -0.2291943461533245, 10.6566030895448
endodontist, 1, -0.5652226834075917, 11.15491939596009
engineer, 1, -1.5167616515966045, 14.315510589180086
engraver, 1, -0.13893736417353367, 12.3166180539069
engrosser, 1, -1.1204692631302133, 8.313516718600527
enologist, 1, -1.1435112549413295, 11.439500109397137
enrober, 1, -0.39696091905364417, 9.762377103309866
enroller, 1, -0.626853385531188, 9.569664702171643
enterer, 1, -0.46884849182311844, 10.364026071463272
entrepreneur, 1, -0.9018122189637173, 12.45909524256233
epidemiologist, 2, 0.2124046743560248, 11.26150498313107
eradicator, 1, -0.018355396004207804, 9.209813857339162
ergonomist, 1, -0.27455943543596567, 10.095551492697957
esthetician, 1, -0.5094006521241056, 9.3956107950586
estimator, 1, -0.06286258052037982, 11.9868930896301
ethnoarchaeologist, 1, -0.18817448536923567, 10.407062072808806
ethnographer, 1, -1.0683497615467223, 11.505116480166585
ethologist, 1, -0.963175697355357, 10.25870041787067
etiologist, 1, -0.4950426230953182, 10.06962147512854
evaluator, 1, -0.1775259118647138, 9.851654044821807
evaporator, 2, 0.06862205154414514, 9.775555082159258
eviscerator, 2, 0.38873968374954765, 9.20281621859768
examiner, 2, 0.35966281745503764, 12.513441281592259
exerciser, 1, -0.4427563856088878, 8.378791398165575
exhauster, 1, -0.9252028325392093, 8.809079289356195
expander, 1, -0.7280183214751973, 9.022401816267358
expediter, 1, -0.12276994004589467, 9.252308034235416
extender, 2, 0.3460671538714066, 11.212660868409548
exterminator, 2, 0.45503474888903345, 10.404480914355274
extern, 1, -0.3283072527133768, 10.790060624209099
extruder, 1, -1.0546183171673507, 9.061268636963167
eyedotter, 2, 0.03346292345993523, 7.03771440364479
eyeletter, 2, 0.40368160483128396, 8.68890386252227
faceter, 1, -0.37934348335578943, 9.51194542005062
facetor, 1, -0.4443225837450831, 9.984826558448459
facialist, 1, -0.6653502717520264, 10.327391767432562
facilitator, 2, 1.009221401948643, 11.379883004334014
factorer, 1, -1.2196074748174164, 10.894912601885174
fagoter, 1, -0.5615829795527773, 8.221048021868452
farmhand, 1, -0.27486485062294586, 9.754969202157902
farmworker, 2, 0.19032011051384382, 12.884683948021884
farmworkers, 2, 0.46165357817822994, 12.139434300599328
featherer, 2, 0.030595110694563103, 8.560298132775012
feltmaker, 1, -0.7325624764999553, 9.96199986762952
fermenter, 2, 0.1757561647422405, 12.084456784450676
fermentologist, 2, 0.0015056678261108833, 9.18087387647538
ferruler, 2, 0.1068303773264517, 9.761753748036252
fiberglasser, 1, -0.16097938863596445, 9.53060609243425
filleter, 2, 0.08662203002753446, 9.302674191337058
filterer, 1, -0.7669520419081745, 9.07596639185967
fingerer, 1, -0.47820541156409396, 8.657603209127569
fingerprinter, 1, -0.2569283691035335, 9.69190856867979
firefighter, 2, 0.4841319058529077, 11.674986934768139
fireman, 1, -0.0936908109360666, 12.447418036589522
fireperson, 1, -0.16149516607054173, 8.778674853480798
firesetter, 2, 0.32735731813647173, 8.615269509554961
fisher, 1, -0.8858980890907127, 12.384828383641775
flagger, 1, -0.5435169091140111, 9.205713716500545
flagman, 1, -0.46734108320511625, 11.301650337975369
flagsetter, 2, 0.5731539355222196, 7.468843242577892
flanger, 2, 0.16096456674590706, 9.951854563850349
flarer, 1, -0.5683546965727303, 8.459840449620843
flavorer, 1, -0.7171938630937638, 8.927631957497677
fleecer, 2, 0.09587235223822879, 9.644208865609672
floatman, 1, -0.597874368554798, 8.454871211856425
floorhand, 1, -0.42760113500357605, 8.84950923045515
floorleader, 1, -0.40251105159925826, 8.205562746732927
floorman, 1, -1.2139918002119638, 11.027911418405768
floorperson, 1, -0.6233654099788869, 8.274251036054693
floorwalker, 1, -0.5968805202756708, 8.217666044623652
floorworker, 1, -0.0011914712733121294, 11.497083814665881
floriculturist, 2, 0.48273542188472174, 9.131894267089141
florist, 2, 0.4221475771575782, 12.236910891240264
flosser, 1, -0.32972922095658336, 8.550741822164957
flumer, 2, 0.1929610392622114, 9.381131714637053
fluxer, 1, -0.8879592291367439, 9.125422837397885
focuser, 1, -1.086069936521457, 9.195216967013941
forgesmith, 1, -0.3838738913940746, 8.838100329536069
formulator, 1, -0.8387526522274728, 10.235159934876178
founder, 2, 0.2620030135640768, 12.800440346225454
foxer, 1, -0.7833041773496473, 7.825147696399325
frameman, 1, -0.4823449847824739, 8.6056279851786
framer, 1, -0.17052756404830283, 9.695825372428985
fudger, 1, -0.11210525528426965, 8.793808226790972
fueler, 1, -0.8029232576458084, 9.012167804761997
fullerette, 1, -0.5359589000287303, 8.409760824369766
funder, 1, -0.8291771989823725, 11.098537199358487
fundraiser, 2, 0.09444086053534137, 11.523197385147817
gaggerman, 1, -0.2968234411513489, 7.863384605089549
galvanizer, 1, -0.29866269644843396, 9.56229155723615
gambreler, 1, -0.3181182661672573, 8.57300303666172
gamemaster, 1, -0.9531832587871543, 9.937623063166697
gamer, 1, -0.5219725112932351, 13.377283177092963
garageman, 1, -0.7713669696381239, 9.537793308445742
gardener, 1, -0.20354075395253382, 12.232825948533728
garnetter, 2, 0.16001240216027385, 8.347249060418468
garnisher, 1, -0.3305861469449956, 8.501246221251915
gasfitter, 1, -0.2121935132297832, 7.850052998362126
gastroenterologist, 2, 0.007920914807780503, 8.55249232105222
gatekeeper, 1, -0.03225656785092216, 9.591208231118978
gateman, 1, -1.080475245333536, 10.25838729403003
gearman, 1, -1.2351795378821733, 8.649414023068214
gemologist, 1, -0.5574165152624836, 9.966599731796979
generalist, 1, -1.121003756890027, 10.248976961403294
geneticist, 1, -1.243869182355711, 11.517402813078
geochemist, 1, -1.0746737300097013, 11.943801377320106
geodesist, 1, -0.42913286830882896, 10.524638504405628
geologist, 1, -1.2368578415590794, 13.66200849563261
geomagnetician, 1, -0.4163663231665231, 9.286115918492397
geomagnetist, 1, -0.3104391370433433, 9.949028470958353
geometrician, 1, -0.7361176925485317, 9.550456379152742
geomorphologist, 1, -0.3323838999943054, 10.66663714966397
geophysicist, 1, -0.973712959591536, 11.984032400778537
geoscientist, 1, -0.48600567988173665, 10.74307251555476
geotechnician, 1, -1.1312171734769247, 9.703034187093127
geriatrician, 2, 0.6867000271537371, 10.622485451809473
geropsychologist, 1, -0.0784970577501202, 8.516048869791376
getterer, 1, -0.1454927706030241, 10.164620592016284
ginner, 2, 0.06460194243514253, 9.604684758801799
giver, 1, -0.5153703689531682, 10.538543252355403
glaciologist, 1, -0.8739117162885474, 10.547632271750933
glassblower, 2, 0.7877583439328475, 8.118076876360323
glassie, 1, -0.06927131027223674, 9.03626695728039
glassworker, 1, -0.15893708680290106, 10.504565912038593
gluer, 1, -0.6491389153899831, 9.836271450710525
gm, 1, -0.9533216252852629, 13.53148585102078
goldbeater, 1, -0.11566428478400023, 10.559701383101826
gopherman, 1, -1.1335232845415917, 7.7835326778487275
granulator, 1, -0.4135980078447797, 9.212912395460654
grappler, 1, -0.5592071234558994, 8.432683795885481
gravedigger, 2, 1.0224714905223358, 9.80758417445306
greenbelt, 1, -0.0894279130893845, 11.921055824120616
greenkeeper, 2, 0.078193749954968, 8.683664275736131
greenskeeper, 2, 0.13675240971047617, 8.747395582351558
greensman, 1, -0.7911202713882418, 7.849482482143583
greeter, 1, -0.32128934563845996, 9.597585283896844
grinder, 1, -1.0565680759550284, 9.317829443323747
gristmiller, 1, -0.535848367571696, 9.149625533853264
grizzlyman, 1, -0.5963330806722578, 8.97241722903299
groundhand, 1, -0.36738731434244976, 8.757566260744284
groundman, 1, -0.7302753033896848, 9.570692350739279
groundskeeper, 2, 0.23991678297916033, 8.380961018075723
groundsman, 1, -0.4870228932134753, 9.130405488264314
groutman, 1, -1.2591898827253283, 8.458445265442148
grubber, 1, -0.7700765975649866, 8.435835293908124
guide, 1, -1.1947288576063655, 11.40861761540847
guideman, 1, -0.77339245731491, 9.552799330561967
gynecologist, 1, -0.6861048519670553, 11.002419463460825
haircutter, 1, -0.18448702766901223, 9.939467611362018
hairdresser, 2, 0.6064385311204686, 11.727892620228562
hammerer, 1, -0.6230204265890679, 9.413024321382533
handyman, 1, -0.37809680570617427, 11.095475446791792
handyperson, 2, 0.0012202489283445125, 9.529166403487594
hanger, 2, 0.3432253193208406, 9.920677548634334
hangersmith, 2, 0.9674242256813556, 10.078332723300825
harbormaster, 2, 0.5014570077571341, 9.07784750155211
harnessmaker, 1, -0.47440030916061865, 8.081587896474787
harpooner, 1, -0.05227280416658787, 9.593276662996859
headhunter, 1, -1.0509712257971995, 8.499920937878048
headwaitress, 2, 0.19901181718496389, 9.26236671495647
heddler, 1, -0.3684065417124129, 8.449481059235554
heeler, 1, -0.22203274870671716, 8.767179898109102
heliotherapist, 1, -0.03536975430520937, 9.854427942393299
helminthologist, 1, -0.2806783470256509, 9.65291658011703
hematologist, 2, 0.4909792333932728, 10.2428066910039
hemotherapist, 2, 0.1381776492568523, 8.886446162295425
hemstitcher, 1, -0.1661652792568649, 7.1895206219762695
hepatologist, 1, -0.3617124545567646, 10.864057417221183
herbologist, 1, -1.1921768787263822, 11.286713760662177
herpetologist, 1, -0.11764245589721975, 11.23621824559684
highballer, 1, -0.6038851351257558, 8.034308703878086
histologist, 1, -1.4876394786376768, 11.460830292023868
histopathologist, 1, -0.9308707292466362, 9.663916417909629
historiographer, 1, -1.764802311960107, 11.95110255275901
histotechnician, 1, -1.114194793096099, 10.107734666787108
histotechnologist, 1, -0.9263859492450259, 10.947238656921282
hitcher, 1, -0.08699486172681883, 8.870576167508247
hobber, 1, -1.0911609800650224, 10.735159853927271
hoister, 1, -0.7343829597126605, 10.02478257067931
hoistman, 1, -1.1849461997657755, 9.207622132345758
homeworker, 1, -0.6873536433163431, 9.202343122519407
homoeopath, 1, -0.035173907369800535, 9.35163907323446
hookman, 1, -0.6800967389529353, 8.25475084067223
horologist, 1, -1.104693007610384, 9.51303290731235
horseshoer, 1, -0.8562313199919491, 8.92350308784377
horticulturalist, 1, -0.6541869165003468, 13.015070804730405
hoseman, 1, -0.3019061868927834, 9.677805885720804
hospitalist, 1, -0.2570242348556163, 10.095649486545469
host, 2, 0.7153737987001884, 15.373086391409238
hostess, 2, 0.7851189368225849, 11.20424730998677
housecleaner, 2, 0.5110717812202961, 8.867989611870769
housefellow, 1, -0.1245969516766319, 9.52552736646084
housekeeper, 2, 0.8026952262952803, 12.33480111531463
housemaid, 2, 0.5289367366634153, 8.34830839111664
houseman, 1, -1.5079326058608935, 8.781599717315448
houseperson, 1, -0.9965144521203079, 8.240018917711554
housesmith, 1, -0.6186470292483766, 8.86780027452815
hunter, 1, -0.5354769750079439, 13.14950969855116
hydrator, 1, -0.6268476944406204, 9.735752863409942
hydroblaster, 1, -0.6831465692244617, 7.957248842313614
hydrodynamicist, 1, -0.33148864442373177, 9.29357497603418
hydrogeologist, 1, -0.050251072012943356, 10.954489683369484
hydrographer, 1, -0.6142695700011087, 11.32266637991077
hydrologist, 1, -0.581273917206345, 11.347752120473324
hydrometeorologist, 1, -0.07076885437739414, 9.334997840884801
hydropulper, 1, -0.5479029147112068, 7.9784664882668155
hydrotherapist, 2, 0.6813808535329627, 10.863549863855138
hygienist, 2, 0.3581037957285756, 11.001175788332779
hypertrichologist, 1, -0.0811362969362143, 8.401118024481264
hypnotherapist, 2, 0.3320064188874566, 10.361191788570581
ichthyologist, 1, -0.25467713493906546, 11.789061676065213
illuminator, 1, -0.7290592374920676, 10.085741476166433
illusionist, 1, -1.835429273997561, 10.896860725896962
imager, 1, -0.8782330673957907, 10.219265637742744
immunochemist, 2, 0.4685668043443272, 9.738290119528344
immunohematologist, 2, 0.24480196408821367, 9.647723120143624
immunologist, 2, 0.6004262837785387, 10.579414438354181
immunopathologist, 2, 0.7113941678997717, 10.057653388292312
imposer, 1, -0.5520997777005, 9.670804682448534
impregnator, 1, -0.15196639934485393, 9.658079431683625
indexer, 1, -0.718095206447117, 9.386745578341149
infantryman, 1, -0.8581549553978446, 11.323485919662065
informatica, 2, 0.5712334668841258, 11.628709155269888
informaticist, 1, -0.22423448371511212, 10.034281528434223
inker, 1, -1.174689763505668, 9.26198406996335
inlayer, 1, -0.40474895534822125, 10.61954407930045
inletter, 1, -0.22029965906626076, 8.5410538325891
inoculator, 1, -0.19704138498975, 10.375164070436021
inseamer, 2, 1.0799972435211043, 7.89485059092223
inseminator, 2, 0.6605555283339766, 9.461843701596596
inserter, 1, -0.40807534261578554, 9.026008751235167
inspector, 1, -0.4935188623141953, 12.260263580845358
installer, 1, -0.03044119567519369, 10.606223939012262
instructor, 1, -0.2630886018870285, 12.774207296982945
intensivist, 1, -0.09466029168080928, 10.399016098694752
interlacer, 1, -0.5948925311998824, 8.893381789414448
interlocker, 2, 0.24756692431510155, 9.548245367955097
intern, 1, -0.43196377147257536, 12.57502369371187
internist, 1, -0.8209558732119531, 10.454273421426802
internship, 1, -0.29101055500088213, 11.39014070615056
interpreter, 1, -0.5572812792874547, 12.269250495957985
interventionist, 1, -1.6975074868136337, 11.110083686617237
investigator, 2, 0.08870902161487773, 13.162059756868558
investor, 1, -1.2248035689280474, 11.94632211251702
inweaver, 2, 0.8261609837563532, 8.62759663388714
iridologist, 1, -0.6032459187761059, 8.693387226709229
ironer, 1, -0.8872718377896135, 9.287356118098355
ironmolder, 1, -0.28932131229376623, 8.386171036054822
ironworker, 1, -0.4141273438385979, 12.32731441105491
irrigationist, 1, -1.301680267279605, 9.846604543554976
irrigator, 1, -0.6066003034817807, 9.177423262447991
issuer, 1, -0.7859782699731087, 10.266090034857822
jackaroo, 1, -0.4679468079293095, 9.839311696636063
jacker, 1, -1.1330222475179894, 8.380386123019356
jackerman, 1, -0.7559320993970801, 7.409682107860647
jackspooler, 2, 0.3477537556627481, 8.709695510247148
jailer, 1, -0.24946569423478107, 10.3288639797477
jailkeeper, 2, 0.6691314531170153, 8.6578296934819
jailor, 1, -0.1616730147197298, 10.750803337743807
janitor, 1, -0.12545645170668326, 10.653654553001843
jerker, 1, -0.6863476803781979, 8.925889111460867
jewelsmith, 2, 0.10817850094964013, 8.721634263452962
jigmaker, 1, -0.22074637988992965, 9.438973489269058
jigman, 2, 0.12628827495778414, 9.838345054784766
jigsawyer, 2, 0.8788202781143225, 8.692081318385638
joiner, 1, -0.48036637986645236, 9.274950086797109
journalist, 1, -1.223807071099134, 13.630389149753743
judge, 2, 0.26738790786920813, 12.539631829039276
kaiawhina, 2, 0.7611581499056337, 9.077689667669585
kaiwhakahaere, 2, 0.5146738155003884, 9.38289734368556
kalsominer, 2, 0.03679271388063025, 7.2271959994946435
kettleman, 1, -0.4589399189629894, 8.204471757336078
keyliner, 1, -0.47972393855022877, 8.206022877881336
keypuncher, 1, -0.12718253459627107, 8.36757730770896
keysmith, 1, -0.3895549909226469, 9.554850294211672
kilnman, 1, -0.46252456773351613, 9.352832919320111
kindergartner, 2, 0.8909961777566248, 10.23295623274872
kineseologist, 1, -1.0099441565235279, 8.017153668422818
kinesiologist, 1, -0.9438572518476086, 10.190316451893532
kinesiotherapist, 2, 0.5634277305322754, 10.52149999838376
kitchenhand, 1, -0.19210736285402033, 8.392790134104114
kitman, 1, -0.9502826704983866, 9.333694271260981
knifeman, 1, -0.9999168826907402, 9.104753707938018
knobber, 1, -0.1405862076977085, 9.856840537468802
knotter, 1, -0.36616650886920793, 8.867917230371038
knuckler, 2, 0.4366097765831269, 10.486348202659695
labeler, 1, -0.5898770471420388, 8.893985119287269
laborer, 1, -0.5343493738544981, 12.569740287640913
labourers, 2, 0.20663145945588454, 13.875128882093954
lacemaker, 2, 0.276449958068459, 8.384458431864356
laceworker, 2, 0.7040579076477127, 10.888616623069629
lacquerer, 2, 0.030517634320709107, 8.540922304843896
ladderman, 1, -1.0599216343774172, 9.121335533425388
ladler, 1, -0.08331741387221311, 9.423402393820128
laminator, 1, -0.05563946862381156, 9.36958508233425
landman, 1, -1.1435340572945014, 9.484103857277944
landmen, 1, -0.9076702216005946, 10.070058297734214
landscaper, 1, -0.9878942583254279, 11.158599090740164
lapeler, 1, -0.7184103681799464, 8.202400321421116
lapidarist, 2, 0.6288346300287063, 8.981182980515513
lapper, 1, -0.5710228486678409, 9.280999510423761
larriman, 2, 0.08811512081106687, 8.278876950450806
laryngologist, 1, -0.2545468762053726, 9.680495088469492
laserist, 1, -0.9894816727811413, 9.532820610028683
latcher, 1, -0.33617867280491914, 9.74860885922648
latexer, 1, -0.18090816155824072, 8.419506303008042
lathmaker, 1, -0.36753186396470444, 8.239749168384558
launchman, 1, -0.3864646023555056, 9.188135283632697
lawyer, 1, -0.4000464714914806, 12.076175037315735
lawyers, 2, 0.1873257389795597, 10.730155195338257
leacher, 1, -0.8086271126745468, 8.95394385797799
leadlighter, 2, 0.6034974380623849, 8.039303218277542
leathersmith, 1, -0.5074414608992664, 8.518267125942597
legislators, 1, -0.29862893133273233, 12.16363661775403
lepidopterist, 2, 0.0983137506523313, 9.781788316700336
letterer, 1, -0.7870897995586191, 10.60437310830199
leveler, 1, -0.6607024991889693, 9.790587608890593
levelman, 1, -0.7784691131208101, 8.580383761194739
leverman, 1, -1.128593114594376, 9.364653790319254
librarian, 1, -0.7621195824322019, 12.273800875167462
lidder, 2, 0.3783534615344985, 10.54138713540901
lifeguard, 2, 0.12729058988895595, 9.477050617151036
lifter, 1, -0.785713140848244, 10.488397513073178
lighter, 1, -0.021042631169058613, 12.548310212807742
limnologist, 1, -0.5358478851931413, 9.952871509366481
lineman, 1, -0.37293114072013916, 12.910382239329575
linemarker, 1, -0.22673566022718314, 9.055350853597254
linesperson, 1, -0.696996524531174, 8.481768454006826
lineworker, 1, -0.09431067686291492, 11.095019114369077
linotyper, 1, -1.1659662180346593, 9.609482690204604
linotypist, 1, -0.2857125653001752, 9.655467088797938
liquefier, 1, -0.2921184118223843, 9.336211273205961
lithostripper, 1, -0.08828791864145172, 7.404048354786462
litigator, 2, 0.011791115584311306, 11.146505678528786
loader, 1, -0.02613829866307297, 9.839305527413591
loaders, 1, -0.10292474904269161, 8.725548117903184
loadmaster, 1, -0.24412769609165905, 8.485171614401148
lobbyist, 1, -0.8503462632365882, 12.022512622289302
lobsterman, 1, -0.8916413077366251, 7.838843702061505
locator, 1, -0.4304052906171204, 10.075252276944042
lockmaker, 1, -0.31893925790109817, 7.874410071111822
locksmith, 1, -0.2773087399409799, 10.183624521486454
lockstitcher, 2, 0.2416943456052449, 7.860428727707796
lofter, 1, -0.7946929156396906, 8.325442986221487
loftsman, 1, -0.90318578343195, 7.869131803221956
logger, 1, -0.16814145007412803, 9.737194655680437
logistician, 1, -0.6906595435109112, 11.471448806072686
lopper, 1, -0.03844641591176407, 9.576429532498754
lugger, 1, -0.8590920603356811, 9.297060245471753
lurer, 1, -0.5109312828163844, 8.507040089197542
lusterer, 2, 0.11501239148170889, 9.693291337753372
machinist, 1, -0.15791784783612015, 12.435813797023632
magistrate, 1, -0.23555879904768548, 11.381063525885402
magnetizer, 1, -0.29009518241086124, 10.360870559163505
mailer, 1, -0.4454338971984481, 11.646956552083061
mailmaster, 1, -0.1316257936039735, 9.253316978808336
malariologist, 1, -0.34926757807849385, 8.682957947685434
maltster, 1, -0.5743022256881914, 9.693073658858458
mammalogist, 1, -0.35276865736036184, 10.265180546510695
mammographer, 2, 0.01748140981626408, 9.979779629240182
manager, 1, -0.03767055092206093, 13.528260663954628
manufacturer, 2, 0.13939071295128033, 14.137935934828896
manugrapher, 1, -0.5376702628957537, 8.461987966738139
mapper, 1, -0.880471020763956, 9.19438620712336
marbleizer, 1, -0.6399351097779992, 9.056118252214898
marinator, 1, -0.23855373692407547, 8.552398584103504
marketer, 1, -0.5493736162490638, 10.267128396365987
massotherapist, 1, -0.2604739098722129, 7.945188558688921
masticator, 2, 0.3116735946656341, 9.470047144532032
matcher, 2, 0.03600634735820348, 9.810951842042734
mathematician, 1, -0.10562723868308413, 13.304615212353246
measurer, 1, -0.49740405812140487, 10.081016261651476
meatcutter, 2, 0.25401641753949866, 9.291179333492211
meatman, 1, -0.866704571279801, 9.306107349336685
mechanic, 1, -0.8751313935104046, 11.668515955509928
mechanist, 1, -0.8403006269171832, 10.24924670710004
mechanotherapist, 1, -0.19163050675595408, 8.564380187507147
mediator, 1, -1.064748190202752, 11.538964183832789
mercerizer, 1, -0.8352125076285989, 9.53060171530478
merchandiser, 1, -0.507873938012152, 9.273279498254627
meringuer, 2, 0.5285048530165631, 7.918231419114158
mesmerist, 2, 0.5615625268287455, 9.530804488301634
metalizer, 1, -0.7680747723198394, 8.627347780388321
metallographer, 1, -0.7555402954078819, 10.420711121116888
metalsmith, 2, 0.2796466837597878, 9.418186260981734
metalworker, 1, -0.644708563899226, 12.224089311401427
metaphysician, 1, -0.4218572726365769, 10.172168495569679
metaphysicist, 1, -0.5378101901138417, 11.27702089640298
meterman, 1, -0.6003372882820397, 8.710688556953315
methodologist, 1, -1.2449222161394322, 10.21477294764065
metrologist, 1, -0.7669599425977438, 10.071106924829833
microfilmer, 1, -0.10868421707788309, 7.928436347199041
micropaleontologist, 2, 0.2859012172861323, 7.298589523207602
microscopist, 2, 0.2243635782661511, 9.25637428932108
midwife, 2, 1.1181786296389709, 10.338106811541252
millwright, 2, 0.11354361248997433, 10.137440711739178
mimeographer, 2, 0.14909591714384915, 10.428813872579973
miner, 1, -0.10310833087540974, 11.767042681799293
minister, 1, -0.9160877870237322, 12.426565377230409
missileman, 1, -0.7775795146326393, 8.30478000585829
mixologist, 1, -0.20913945192901937, 8.820877440532055
modeler, 1, -0.7473423833737747, 10.473977644145165
mohel, 1, -0.3982639302012559, 8.623556426042374
molder, 1, -0.6552733673064001, 8.961109029050078
monologist, 1, -0.5224314740245536, 10.114870245336292
monotyper, 2, 0.08794628663852605, 9.031693752778583
monotypist, 2, 0.30211003232879635, 9.99915360726846
mooner, 1, -0.3877412861801605, 8.812646935000586
mopper, 1, -1.1137039531015582, 9.775055369654426
morphologist, 1, -1.4453697560104732, 11.017084447816352
mortarman, 1, -0.5539431594855597, 8.30022926859664
mosaicist, 1, -1.3097041755756564, 11.494757282467289
moshgiach, 1, -0.1493294898591581, 8.413579272125432
mounter, 1, -0.6413307656980033, 8.682907613166034
moveman, 1, -0.8503155169112274, 9.716170651320159
mover, 1, -1.1187171499824875, 11.081667479730266
movers, 1, -0.7976735572834595, 9.958433631829317
muleser, 1, -0.3115862459865872, 8.464444147606205
multigrapher, 1, -0.7652855062839877, 9.207632687909193
mustanger, 1, -1.3662024064328082, 8.64923740458551
mycologist, 1, -1.08724045804057, 11.19904829189015
nanotechnician, 1, -0.4179714984239566, 9.664403776791207
nanotechnologist, 1, -0.34623604610222103, 10.7401650030706
naprapath, 1, -0.8354862637789991, 7.7666646088580915
naturalist, 1, -0.8366713498951945, 12.560317212842234
naturopath, 1, -0.15294067602227976, 9.513640827192344
needlemaker, 1, -0.18816473558751454, 7.915080172257198
needleworker, 2, 0.5484016110497211, 11.306038356068289
negotiator, 1, -0.01162186252407369, 11.624987217632981
nematologist, 1, -0.15776462735672114, 10.13495962863974
neonatologist, 2, 0.2231234827375165, 9.97638632148022
nephrologist, 2, 0.11867003077572896, 9.985527792728776
networker, 1, -0.29863144464673674, 9.458059257954462
neurobiologist, 1, -0.37937954437738447, 10.741203957208146
neurologist, 1, -0.8264105777654601, 10.52618633949374
neuropathologist, 1, -0.8053012548078702, 10.88705167010741
neurophysiologist, 1, -0.5264619885602431, 10.930975862041995
neuropsychiatrist, 1, -0.6521432153583736, 9.724487074685024
neuropsychologist, 1, -0.46215386288254534, 10.992478061683574
neuroradiologist, 1, -0.42767727880190104, 9.890958400136872
neuroscientist, 1, -0.22178672125218482, 10.074032311860769
neurosurgeon, 1, -0.08783726315077306, 11.525198406773768
neurourologist, 1, -1.0406214955954223, 11.393069690046637
newsagent, 2, 0.31417763406543653, 8.561339847693159
newsperson, 1, -0.16277016492895116, 8.882151266866348
newswriter, 2, 0.227426654961525, 9.916165512372327
nicker, 1, -0.2477621925701358, 9.141431282765595
nightman, 1, -0.7746852818268734, 9.05249265082011
nocturnist, 2, 0.026534940943744943, 8.932158584759417
nodulizer, 1, -0.5995934446390158, 7.821462634904813
normalizer, 1, -0.48917819597615314, 9.640802450979942
notcher, 1, -0.6180490953310888, 8.865858445868282
noteman, 1, -0.3247773320829794, 8.89158198276282
notereader, 2, 1.19173579576728, 9.790544236583951
nozzleman, 1, -0.7196088174373542, 7.946002909978006
numerologist, 1, -0.49482743454760536, 10.247373763380256
nurse, 2, 0.9607369223783372, 12.911670923743666
nurseryperson, 2, 0.09643724944003332, 7.855341792422307
nutritionalist, 1, -0.6002846801456819, 10.008137739227468
nutritionist, 1, -0.1137556681809693, 11.88658996571408
nutritionists, 2, 0.16309067986354403, 10.222106042434714
obstetrician, 2, 0.452723011052619, 11.015302213214243
oceanologist, 1, -0.865054164368752, 11.071137196609515
ocularist, 1, -1.547711603366208, 8.891585481649429
oenologist, 1, -0.4969811673367959, 9.149805706643233
offbearer, 1, -0.19336641065083102, 9.277123780867269
officer, 1, -0.403444979205111, 12.165943269013033
olericulturist, 2, 0.06816120933868866, 9.486473451831742
oncologist, 1, -0.7586893163545932, 12.242209909159085
opener, 1, -0.28086331795329644, 12.81323123297324
operater, 1, -0.1721931608615743, 8.1833413433847
operator, 1, -0.3754229623804458, 12.015219356780223
ophthalmologist, 1, -0.3661434612856092, 10.819710139639417
optician, 1, -1.1757266407408917, 9.552594485833579
optometrist, 1, -0.6618788894939155, 10.60093213573444
orchardist, 1, -0.640511308589555, 9.779840490256264
orchestrator, 1, -0.8123314815138591, 10.52418211941384
orderly, 1, -0.6039680458379229, 12.490714998889974
oreman, 1, -1.5774674646674, 8.511084656676104
orientor, 1, -1.4052192711075822, 9.663681418285854
ornamenter, 1, -0.42046855664183624, 9.96632239264417
orthodontist, 1, -0.6924984847231553, 11.85343386706937
orthoptist, 1, -0.3807305061645351, 10.091707036628996
orthotist, 1, -0.4324365006182942, 9.657213770236769
osteologist, 1, -0.9597362830891547, 10.71450593743772
otolaryngologist, 1, -0.24492093235573448, 9.552213033928549
otologist, 1, -1.1022353750809823, 11.094932563023963
otorhinolaryngologist, 1, -0.20751070934215698, 10.440891556144853
outsewer, 1, -0.12890944467837803, 8.576760348663235
overcaster, 1, -0.3974655280122688, 9.248499805553802
overcoiler, 2, 0.25226232203911764, 7.793206282457744
overedger, 1, -1.0640484701125765, 8.750314014744351
overhauler, 1, -0.7012416571696655, 8.724495637541011
overlocker, 2, 0.15133799854211785, 9.02897248285895
overseamer, 2, 0.9885271757487656, 7.91269749887235
overweaver, 2, 0.7426244232732974, 8.199160924995756
owner, 1, -0.27580013971905804, 11.864911203130635
oysterman, 1, -0.470143553227178, 7.575652720105139
packager, 1, -0.3965169279214295, 10.224183120253464
packer, 1, -1.607515792892901, 10.386816907514262
padder, 2, 0.41026447840955665, 9.474371434763661
paediatrician, 2, 0.35248614009738727, 12.055032735103044
paedodontist, 1, -0.5663278917550899, 7.766564925039109
paginator, 1, -0.40625874848312804, 10.038590558277235
painter, 1, -0.23406084828659116, 11.820355480121107
pairer, 1, -0.3781817471919729, 9.664648965580458
palaeontologist, 1, -0.9100620264441969, 11.474488840755221
paleobotanist, 1, -0.8490681320244267, 11.049388680692017
paleologist, 1, -1.520707140878635, 11.225483971400593
palletizer, 1, -0.6619308548069162, 8.000959538910838
panelbeater, 2, 0.4448988702902019, 8.041429123409824
panman, 1, -1.013635082625935, 8.518639514214087
pantographer, 1, -0.5327920292389503, 10.316286995719857
pantomimist, 1, -0.3823732556009331, 9.666957531848766
paperhanger, 1, -0.168295871260123, 9.471442131615602
paraeducator, 1, -0.670630511733301, 9.036386193819718
paraffiner, 1, -0.3635093864519493, 7.523468819799626
paralegal, 1, -0.14974545368084427, 11.409260142004928
paralegals, 1, -0.11401623994997576, 10.766744694909605
paramedic, 2, 1.3628245542220272, 12.726156961154727
paraoptometric, 1, -0.606714393929748, 8.72864610194416
paraplanner, 1, -0.033546284485710155, 8.393643169670476
parasitologist, 1, -0.02928866025581043, 10.323292265419877
parboiler, 1, -0.28343726658107143, 7.285397451862339
parer, 1, -0.7966393449428548, 8.254612232737184
parker, 1, -0.5186721678974394, 11.920784275461891
partner, 2, 0.030092787479350312, 12.27828466826282
pasteurizer, 1, -0.08367126189968233, 9.265846061885222
pastor, 1, -0.616868633331379, 12.290987552516409
pastrycook, 2, 0.5932172808614056, 8.431112272682128
patcher, 1, -0.5934020418198938, 8.993350671465365
pathologist, 1, -1.059940773264589, 11.012489192594558
patroller, 2, 0.19610862015577632, 9.941447160128945
patternator, 1, -0.5148983201550806, 8.994575486640272
patternmaker, 1, -0.10189006386261398, 9.101469417557208
paver, 2, 0.05136767904492381, 9.483561152896122
pearler, 1, -0.03191023192076762, 8.675137336955885
pediatrician, 1, -0.30171521979484167, 10.037302990618713
pedicurist, 1, -0.5220411529458696, 9.762013387037292
pedodontist, 1, -1.2866526049695515, 10.326405262827594
pedorthist, 1, -0.2574072535889324, 7.8029806412512
pegger, 2, 0.5099671814347747, 9.529095314005374
pelletizer, 1, -0.20125901166340218, 8.315687659525182
penciller, 2, 0.12265476567139169, 11.049461103594464
peoplesoft, 1, -0.688603206044858, 8.262148936151783
percher, 2, 0.25463082413709465, 10.181325837195386
perforator, 1, -0.6132419111074977, 9.611401258037526
perfumer, 1, -0.6506033432094073, 11.273116770749002
perfusionist, 1, -0.7779721572866926, 9.130467346945206
periodontist, 1, -0.8684692176909554, 11.067450042247252
peripatologist, 1, -0.06970239309179696, 9.269042490409637
petrographer, 1, -0.5524549387958789, 10.675409152448495
petrologist, 1, -0.8581254473817108, 10.057713566417856
petrophysicist, 1, -0.7464530807442201, 9.6622264142036
pharmacist, 2, 0.16997486906064008, 12.125320286583642
pharmacists, 2, 0.42775485048155154, 11.89706084929649
pharmacoepidemiologist, 2, 0.04061564744243045, 11.050899568402418
pharmacogeneticist, 1, -0.018016663143567764, 11.7802620452746
pharmacognosist, 1, -0.02742744846298615, 10.761278683279684
pharmacologist, 1, -0.18462793612449815, 11.537588736032198
pharmacometrician, 1, -0.026132979790664736, 10.048986324168496
phlebotomist, 1, -0.12086997749368192, 8.710689902185042
photoengraver, 2, 0.09440141085089407, 8.960410938775892
photogeologist, 1, -0.7586177573973784, 10.265876513820785
photogrammetrist, 2, 0.2097760862703117, 9.792415478031447
photographer, 1, -1.017314518297069, 12.44996626221353
photolithographer, 1, -0.9997633876091958, 10.131069943566558
physiatrist, 2, 0.1954633735946816, 9.245580698320751
physician, 1, -0.35375146988737244, 12.25025926678779
physiognomist, 2, 0.15515499569165267, 9.860827446080457
physiologist, 1, -0.4105808119128978, 11.321977745437957
phytopathologist, 1, -0.12833513009848543, 10.677818392775517
piccoloist, 1, -0.6045896842280803, 9.699761047951611
picker, 1, -0.3648961133505387, 9.913525134888765
piecer, 1, -0.9128731113907516, 10.492375357189976
piercer, 1, -1.1802546956207518, 8.935809743948129
piler, 1, -1.0760658175483253, 9.317971524795864
pilot, 1, -0.6711928751044544, 10.96125513908565
pinmaker, 2, 0.09713873963813663, 8.154901375559152
pipefitter, 1, -0.17110904790342055, 8.624315036152755
pipelayer, 1, -0.3977018244746996, 10.155425374309829
pipeliner, 1, -0.679324363200598, 8.98587416938915
pipeman, 1, -0.8911016738192595, 10.126452717427838
pizzamaker, 1, -0.38136889966219556, 8.02889619260897
planisher, 1, -0.24704475927836694, 7.770491038968941
planner, 2, 0.20419842782059996, 12.47274722280662
planogrammer, 1, -0.8526422182475671, 9.732783570468225
plasticator, 1, -0.6399031560473588, 8.88419801840904
platemaker, 1, -0.6224937568856789, 8.035883004485573
plateman, 1, -1.5317142207936638, 10.256906164898545
platinumsmith, 2, 0.1172410887075844, 10.905017957698657
pleater, 2, 0.22479666020778125, 8.359842935572235
plugger, 2, 0.2658358047289731, 9.96603521571631
plugman, 1, -0.5018518045460308, 9.462474561557041
plumber, 1, -0.18059174096304167, 12.826390624710255
podiatrist, 1, -0.7546504625556049, 9.476972789290706
pododermatologist, 1, -0.33648782095011204, 10.424517638368387
podopediatrician, 2, 0.10070934806132206, 8.67803585877011
poiser, 1, -0.45852900070655334, 9.525978210772514
policeman, 1, -0.44534616082572726, 12.066041554363878
policewoman, 2, 0.4817030637255043, 10.299833255329347
polysomnographer, 2, 0.2328113365014939, 10.56164600915749
pomologist, 1, -0.5720349683450169, 9.98587332709733
pondman, 1, -0.18326540806537853, 8.05436985730574
poster, 1, -0.12952486419407475, 12.300740768511968
postie, 1, -0.044042130477977094, 8.67229824617861
postmaster, 1, -0.5242635231704249, 12.362149026683568
postulant, 2, 0.4164840859063896, 9.643045202933035
poultryman, 1, -0.7393940265161297, 8.852186372551616
pouncer, 1, -0.2618320492741059, 8.425030823810514
poundmaster, 1, -0.5421154545051204, 8.36127512308251
pourer, 1, -0.2603725398527768, 10.140506360797788
powderer, 1, -0.5441878964183585, 8.766827200102853
powderman, 1, -0.7955324436994978, 7.948055774952616
powerbuilder, 1, -0.20073085687143052, 10.872599355595227
practitioner, 2, 0.36706127936902316, 13.590307393231697
preboarder, 1, -0.33879425832479526, 8.43999373505304
precipitator, 2, 0.7579876181607015, 10.585416426374916
prefabricator, 2, 0.21336586791749104, 8.886845115743752
prefitter, 1, -0.11063749722105773, 8.17814870019476
prehemmer, 2, 0.294827223812474, 7.780659028050382
preparator, 1, -0.35631320052456056, 9.249253584434094
preparer, 2, 0.14777901485883624, 9.865443007979422
prepleater, 2, 0.2982234807808024, 8.49264222295949
prepper, 1, -0.4836860614749824, 9.31390451174125
prescriptionist, 1, -0.7348793543235503, 9.575548482285573
preservationist, 1, -0.46450518133273816, 10.641359560463245
president, 1, -0.6948757840038672, 12.844992043639472
pressfitter, 1, -0.1771188434367286, 8.82010301758373
pressurizer, 2, 0.07696546724977774, 8.488050725634235
prestidigitator, 2, 0.514639633389937, 8.551868644969227
pricer, 1, -0.4478185504057211, 8.436144253112747
priest, 1, -0.9587262891804831, 12.225196651630036
printmaker, 1, -0.505767796094308, 9.647421255056907
proctologist, 1, -0.6073275928802301, 9.83325483737002
producer, 1, -2.298711803389695, 14.461888850351443
profiler, 1, -0.9885429409107404, 10.192137761503297
programmer, 1, -0.9410811957744194, 13.895373761884528
proofer, 1, -1.1871517476753826, 9.613502690813968
proofreader, 2, 0.703683629810934, 9.989634382383304
propagator, 1, -0.29126659824658585, 9.147500353927647
prosthetist, 1, -0.3879282460229321, 12.274065946646912
prosthodontist, 1, -0.7427347123096268, 8.929003551379672
protohistorian, 1, -0.48018456275248855, 9.019287064254947
prototyper, 1, -0.7054387650212484, 9.056516215336975
protozoologist, 1, -0.4378493095722361, 9.694561210507361
prover, 1, -0.7589412042792419, 10.105738271798803
pruner, 1, -0.4993997674235123, 8.827341379220897
psychiatrist, 1, -0.5627413693033582, 12.456166110413065
psychodramatist, 2, 0.07485405717519511, 10.654644640382191
psychologist, 1, -0.2149225484340618, 12.118752753554602
psychologists, 1, -0.48269753809180366, 11.191848967314787
psychometrician, 2, 0.08009708272427493, 11.959207277287412
psychometrist, 2, 0.07728860712448912, 9.658331308605229
psychotherapist, 2, 0.9656606076510142, 12.437680100116735
publicist, 1, -1.0627764863746822, 12.121847532850284
pulmonologist, 1, -0.4013384193220304, 8.767675047685865
pulper, 1, -0.8438061881575284, 8.361575320152937
pulverizer, 1, -1.217548540995852, 9.190183089739289
pumpman, 1, -0.5687491258392845, 9.223940643419173
puncher, 1, -1.4711553811657525, 9.78865336031593
purchaser, 1, -0.11871818162808842, 10.189391148298622
purler, 1, -0.8329519172196106, 8.156287518872256
puttier, 2, 0.4481489419460517, 9.734396697449753
pyroglazer, 1, -0.49636028748248745, 8.381465601898318
pyrotechnician, 1, -0.7035012864915361, 9.249822613015894
pyrotechnist, 1, -0.6973336388765569, 10.082019407475919
quahogger, 1, -0.08484855045819673, 7.547204394278557
quarryman, 1, -0.49480886646610145, 11.32075038821996
quoter, 1, -0.16794865733234385, 9.174156057218692
rabbler, 1, -0.904765370666632, 9.267973804439045
rackman, 1, -1.1124899958225607, 8.6458773503625
radarman, 1, -0.053131279298103, 8.763931514351114
radiographer, 1, -0.34256684773292245, 10.122451652687232
radiologist, 1, -0.27610794536079963, 11.585789413987174
radiopharmacist, 1, -0.1875771544745463, 9.006396697742431
radiotelegrapher, 2, 0.035775757038558, 10.01316458855895
radiotelegraphist, 1, -0.07196341383023033, 9.839304099725718
raftsman, 1, -0.7073377742198103, 7.748787986087237
ragman, 1, -0.7637320941028657, 9.584279331350288
railroader, 1, -1.4207020088675577, 10.641887722538373
rampman, 1, -1.12022147104521, 7.834206776343962
ratoprinter, 1, -0.2984171045355868, 7.7937338127291245
raveler, 1, -0.5189218739515594, 8.827162386220941
reacher, 2, 0.08793727334931198, 11.911907723666042
rebeamer, 1, -0.24854366761900115, 7.569317265271018
rebrander, 1, -0.8374974366177458, 8.405165914531105
recapper, 2, 0.2799569935894473, 8.27571659199483
receiver, 1, -0.1760759250624059, 12.570716087856969
recenterer, 1, -0.6020566336048404, 9.738429692993062
recep, 2, 0.28967157432764906, 9.74384732712429
reception, 1, -0.0031735464001275485, 12.214748134749636
receptionist, 2, 0.507226060698707, 11.506694509033675
recharger, 1, -0.20387731389017885, 8.994456451116434
rechecker, 2, 0.4259350771041895, 8.115019428032879
reclaimer, 1, -0.9700974997815862, 9.896791168474468
recoater, 1, -0.12530807225175397, 7.766306929312684
reconciler, 1, -0.8267425547881168, 10.128428507000702
reconditioner, 1, -0.6998584627886631, 9.20925481674754
recooperer, 1, -0.31552258501529773, 8.64462489612068
recordist, 1, -1.2040896954126723, 11.194927080831626
recoverer, 1, -0.23050419475774617, 9.248581191603252
recruiter, 1, -0.890126935713575, 9.194430345211606
recycler, 1, -0.4357079176611332, 8.414686960051306
redipper, 2, 0.08846705479516212, 9.509521787105403
redrawer, 1, -0.6789765248199655, 9.55027943160874
reducer, 1, -0.16961055401223782, 10.337215260235833
reexaminer, 2, 0.08016344295747746, 8.622029935364747
refinisher, 2, 0.570250906061082, 8.892054720157585
reflesher, 2, 0.2242027017614253, 8.08279435967035
reflexologist, 1, -0.4411089253778671, 9.782498807900394
refueler, 1, -0.8471548001058499, 9.964731984176376
regrader, 1, -0.1407465428951908, 8.74356766137866
regrinder, 1, -0.26420701891690346, 8.237451088375945
regroover, 1, -0.4211227301910553, 8.886058203102964
rehabilitator, 2, 0.2780989932814319, 9.962608113747235
rehanger, 1, -0.6533838275394216, 8.079755413143332
reheater, 1, -0.35087721609864575, 9.258091496642173
reinforcer, 1, -0.41280574320484725, 9.724854304254206
reinspector, 2, 0.4241673636459972, 9.32009058095177
rejector, 1, -0.1716490238857735, 10.33414144711218
rejogger, 2, 0.08332133412767412, 9.425196096340965
rejoiner, 1, -0.8190575562367035, 9.161665867685954
relaster, 1, -0.45258445615743204, 8.680114218660918
reliner, 1, -0.3941839092588058, 8.404568844779718
remelter, 2, 0.2448920645156711, 9.86271231815445
remodeler, 1, -1.0844287762145561, 10.051119137721038
renderer, 1, -0.8526549781488063, 10.371894617822893
repacker, 1, -0.03656303450235302, 10.18302030904464
repairer, 1, -1.144412607827745, 9.597073190122025
repatcher, 1, -0.3826407504993101, 9.359396191738272
replacer, 1, -0.4541044165799207, 10.389806117106474
replanter, 1, -0.33852664951056527, 9.22646427914907
replenisher, 2, 0.157834999134846, 8.73961061673939
reporter, 1, -0.6582830774419577, 11.821078980451345
repossessor, 1, -0.06320655170694359, 9.288269962762588
representative, 1, -0.2668082459686106, 11.868872754842284
reproducer, 1, -0.11244519080165463, 11.847052702706986
resawyer, 2, 0.3118355383564945, 6.643854492591953
researcher, 1, -0.9320168588303676, 12.383822483791523
reservationist, 1, -1.0670868518462147, 9.540222911902827
responder, 1, -0.12416738687367465, 11.793237890236671
respooler, 2, 0.3245090000051758, 7.909689226148001
retanner, 1, -0.07680659230974785, 8.347453421565852
retoucher, 1, -0.6744606097749112, 8.143224967006855
retreader, 1, -0.28114705490517256, 8.297156847249756
retrimmer, 1, -0.2953066543507894, 8.026779969864705
returner, 1, -0.8523908711151313, 10.65396765997854
reverser, 1, -1.1640359314367772, 10.41840232069244
reweaver, 1, -0.007139573927400951, 8.57328225505892
rewinder, 1, -0.5627071772182616, 8.598164547277337
reworker, 1, -0.5958347207788138, 9.668843624091945
rewriter, 1, -1.1557901864329123, 9.955462143539572
rheologist, 1, -0.6432755281456564, 9.735069872881144
rheumatologist, 2, 0.1550757479079147, 9.679261107835545
rhinologist, 1, -1.011263119341995, 9.651956406124647
ribber, 1, -0.42981130046701993, 8.796078892698578
rigger, 1, -0.6798715884542369, 9.091913713007852
rinkman, 1, -0.9442174618263104, 8.28214818054731
rippler, 1, -0.23170890289385918, 8.946158356820996
ripsawyer, 1, -0.022145879106051675, 6.6920821655577765
riveter, 1, -0.9872661035308435, 8.923903476902787
roadmaster, 1, -0.512727261228184, 9.462301854689796
roasterman, 1, -0.5991070365201377, 7.819714636048904
roastmaster, 1, -0.7200030657297206, 8.361226575820755
rodbuster, 1, -0.5435582740402015, 8.334681415809374
roentgenologist, 1, -0.5894242272356155, 8.314007706254621
roguer, 1, -0.9076567828714845, 8.477420954634988
rolfer, 1, -1.0990594932170537, 9.820798468287123
roller, 1, -0.35502511508805795, 11.84188435224753
roofer, 1, -0.820627978492193, 10.319983947001562
ropeman, 1, -1.1325590593882846, 9.564689765449668
rotoprinter, 1, -0.6014416131353405, 7.644803290841655
roughener, 1, -0.22261136438672244, 8.742601818190288
roundsman, 1, -0.43217987662054597, 9.150872098244937
roustabout, 1, -0.36083350913894136, 9.145450151840366
routeman, 1, -0.8235008690778219, 9.203107048464627
ruffler, 1, -0.7140436001434974, 8.59606434525474
rumper, 1, -0.2871409345646838, 9.381207819015096
safemaker, 2, 0.22296113794472786, 9.373224463649013
sailmaker, 1, -0.44838865623783336, 9.329814923456444
sailor, 2, 0.24847683769488602, 11.838181684841992
salesperson, 2, 0.32277546174311317, 9.90408125603768
saloonkeeper, 2, 0.2699558431283124, 7.766939930414804
salvager, 1, -0.6057789819751325, 9.790106502248506
salvationist, 1, -1.2941156662666167, 11.722817129608146
sanforizer, 2, 0.21413951876285683, 7.6968393200945275
sanitarian, 2, 0.026564509992095885, 9.966454066600921
sanitizer, 2, 1.3079270057794283, 10.288656028047141
sanitor, 2, 0.9973075581903069, 10.331459578632156
saturator, 1, -0.5053926284200064, 10.543507502502822
sawsmith, 1, -0.39692443669856964, 9.638299847618228
scabbler, 1, -0.25961636782142883, 9.065158526840204
scaffolder, 2, 0.4830906970199895, 7.980383457998295
scalder, 1, -0.2334687926231044, 8.48854337660449
scalemaker, 1, -0.2234478711871893, 8.145130671588014
scaleman, 1, -0.7641651140422153, 7.792848272064987
scaler, 1, -0.7059541329118023, 8.561431263394322
scalloper, 2, 0.40428974319037675, 7.675926453670854
scarfer, 1, -0.4492541042487688, 8.193205599227564
scarrer, 1, -0.19288602334362237, 8.15968598610064
scheduler, 1, -1.090081625426173, 9.925876064377487
scientist, 1, -1.0692840199360878, 12.867004306574719
scientologist, 1, -0.5657888772295445, 10.984608053519107
scooper, 1, -1.004614959816277, 8.483550799031034
scorekeeper, 1, -0.29640789790079464, 10.728869707129931
scourer, 1, -0.026176718093373137, 7.96972678701537
scout, 1, -0.21966930996784642, 13.200250338926594
scouts, 1, -0.33896741029000316, 12.526627251656665
scowman, 1, -0.7060280757864567, 10.17140660975825
scrapper, 2, 0.7103599881864139, 9.830206733048204
scratcher, 1, -0.507301779125886, 9.343971281176561
screedman, 1, -0.155545037323175, 8.553920316299674
scrummaster, 1, -0.4053347121088117, 8.48880822410005
seaman, 1, -0.1584832100349531, 11.442017071104338
seamer, 1, -0.34846704655119154, 9.146870432535827
seasoner, 1, -0.15651660812118542, 8.94230933950735
secretary, 1, -0.4414898568312281, 13.506672891419802
sectionizer, 1, -0.8387609611731165, 8.851962551411011
secy, 2, 0.858231316954042, 9.298847682235898
sedimentationist, 1, -0.7199321998205337, 9.283904592036787
segregator, 1, -0.28189079736146444, 9.457581767491488
seismographer, 1, -0.6558418369706505, 9.818060537765934
sensitizer, 2, 0.9905829352315957, 10.394377641931646
sensitometrist, 1, -0.02267627474016607, 8.120066208741724
serger, 1, -0.6556755050814083, 9.15024663385716
sericulturist, 2, 0.4633434318178587, 11.258745243314882
serologist, 1, -0.8333917543351168, 12.430153294356465
server, 2, 0.31840371638591486, 12.760804976680799
servicer, 2, 0.10405829331655661, 9.000767259096573
sewer, 1, -0.35214528445937726, 11.367511443519117
sexer, 1, -0.6010520024899805, 8.973838845740712
sexologist, 1, -0.4713326872079597, 10.423652648449746
shackler, 2, 0.4309167235659637, 8.579149759661744
shactor, 1, -0.3586466177362735, 10.027980642513118
shagger, 2, 0.014067214288561135, 10.062901432006422
shampooer, 1, -0.15417684762686132, 10.606521901657946
sharebroker, 2, 0.4736300178193827, 10.250042631462632
shareholder, 1, -0.4147403566440863, 12.26811395609936
sharemilker, 2, 0.19132342715670755, 9.337498658020655
sheather, 1, -0.6291337652297845, 8.393813626562185
shellacker, 1, -0.272198602118775, 8.762972306912992
shelver, 1, -0.2252253689091301, 10.193540816325749
sheriff, 1, -0.05293624088410851, 10.932480870464861
sheriffs, 1, -0.8634669511462382, 10.423835593953504
shiftman, 1, -0.7442275173169842, 9.701377842208897
shingler, 1, -0.06951087957671945, 8.622261185854871
shipfitter, 2, 0.05076826178471119, 8.501638426787903
shipmaster, 1, -0.10977580709871462, 9.475132440359081
shipper, 1, -0.44559780006913363, 8.854775018632752
shipsmith, 1, -0.4531380467572565, 9.594306767953787
shipwright, 1, -0.007035906939340565, 9.229231214882567
shirrer, 2, 0.45459760562323154, 8.742039494066937
shochet, 1, -0.03230941128839069, 10.426981668626272
shoeblack, 2, 0.3415171783682876, 7.981105980650151
shoer, 1, -0.43936007551053996, 8.25484725345649
shoeshiner, 2, 0.3441256213295671, 7.908579984022651
shopfitter, 2, 0.18277048666647347, 9.142918192433397
shopper, 2, 0.19552235802421034, 10.451767543731426
shorer, 1, -0.32778668138279826, 8.35732344023831
shotblaster, 1, -0.7835202860703857, 7.822719159157765
shoveler, 1, -1.1091019781385736, 9.511904881558259
shrimper, 1, -0.419418544546991, 8.288900725282847
shrinker, 2, 0.17903700776981668, 9.516237058994934
shroudman, 1, -0.43738258812665104, 8.418373497213466
shucker, 1, -0.02089150046612643, 9.347182661683357
shuttler, 1, -0.41511844945205095, 8.142733862961215
sidehand, 1, -0.17048926126250327, 9.599995335294006
sider, 1, -0.44126897221868006, 9.31229350871916
siderographer, 1, -0.513954935329604, 8.274561932807888
siderographist, 1, -0.6109113755577056, 7.965797326310058
sighter, 1, -0.9722017901785293, 8.599777469122664
signaler, 1, -0.9932082780001948, 9.419291291149031
signalman, 1, -0.8884901606865482, 11.134833807331535
signwriter, 2, 0.07420586145022942, 9.301613923389718
silicator, 2, 0.5284543706424095, 8.95360688338201
silverer, 1, -0.4333946129390179, 9.703091000635938
silviculturist, 2, 0.2523389289802631, 9.574443753564845
simonizer, 1, -0.9423142833256738, 8.968735725322526
siphoner, 2, 0.08515386632361702, 7.329521060217703
skatesman, 1, -0.6593092784123334, 8.015535587888586
skeiner, 1, -0.934416609142284, 8.802309814535699
sketcher, 1, -0.7484957960034458, 9.351461879264676
skiagrapher, 1, -0.018749112306143463, 7.648151170676152
skidder, 1, -0.5122169842050267, 9.396780921230848
skimmer, 2, 0.6011792718368224, 8.871291280427247
slabber, 1, -0.7543393881643591, 9.012705729119133
slackman, 1, -0.4121823334233509, 8.470704760400437
slagger, 1, -0.03237544994208472, 9.258907955553182
slasher, 1, -1.1834160849887534, 10.137256852304933
sledger, 1, -0.5739897240601236, 9.156844389994847
sleever, 1, -0.7236988149483136, 8.786166091197467
slimer, 1, -0.9718207349058244, 9.775592544493886
slipman, 1, -0.32092165434721925, 7.86691199785832
smasher, 1, -1.2290038474158331, 9.31551030520764
smearer, 2, 0.24890591692100014, 8.30350835222992
smeller, 1, -0.9644530998985804, 9.218203344762353
smocker, 1, -0.36932012107898465, 8.726904594049547
smudger, 1, -0.1952076221299503, 8.462341814554302
smutter, 2, 0.13461088923305395, 9.356107330726875
snagger, 2, 0.3186227206541787, 9.084513963891975
snailer, 2, 0.2934516844314456, 8.867282403831332
snaker, 1, -0.5866924219104143, 8.240786278690521
snipper, 2, 0.45326576071251357, 9.913992933821467
snowboarder, 1, -0.5737411576224224, 12.078398124288967
snowmaker, 2, 0.14539026605866998, 8.654507801905249
snubber, 2, 0.24469818539060453, 9.695661982298882
soaker, 1, -0.7491279322207484, 9.544821790829815
soapstoner, 2, 0.0794127102105944, 7.670362482393326
sodder, 1, -0.8467575636661645, 12.24038982405077
solderer, 2, 0.02086443073519225, 9.290531875653055
sommelier, 1, -0.13074455037881702, 10.084942359719577
sonographer, 1, -2.329507079060861, 10.333868089016581
soubrette, 2, 0.6303094211410244, 11.035331109336195
sourcer, 1, -0.011568617644653202, 11.539298522066025
spanisher, 1, -0.3458189476884814, 9.462358935454594
sparmaker, 1, -0.0977172416590856, 7.598505634626051
spearer, 1, -1.4057695822745118, 9.46089639509079
specialist, 1, -0.6781055177805045, 12.20853474004375
spectrographer, 1, -0.49206544158206916, 9.629475675344885
spectroscopist, 1, -0.21602751833964937, 9.50895903879826
spooler, 1, -0.48471484634696416, 8.463899031073083
sportspersons, 1, -0.41857533524245255, 11.124695613665505
spotter, 1, -0.2390635251442991, 11.408202349143663
spouter, 1, -0.16048257837336508, 9.101896693364385
spragger, 2, 0.2364801364426404, 9.112182880731938
spreader, 1, -1.070741965779781, 9.1346660166027
sprigger, 2, 0.2768708733928195, 8.676555270007153
spudder, 1, -0.08684784103074725, 8.769910490473267
squilgeer, 1, -0.2100921548403827, 7.613927127892252
stabber, 1, -0.5576547025081208, 10.64416242350828
stablehand, 1, -0.04092990865641986, 8.974439566897225
stacker, 1, -0.22084797711385357, 9.314143782741207
starchmaker, 1, -0.2883359066029511, 9.224986895217139
statistician, 1, -0.6035583848468887, 12.318381472051623
steamblaster, 1, -0.6093439492619804, 7.744858806162766
steamfitter, 1, -0.05923323710454604, 8.75663514312873
steeler, 1, -0.29921755469924566, 9.23061884101705
steelworker, 1, -0.4881899284668856, 11.331901557736876
steerer, 1, -1.2867516815290787, 9.064804284329798
steersman, 1, -0.8821750874169282, 11.008508455006027
stenciler, 2, 0.12534767633328547, 8.519262038037112
stenocaptioner, 1, -0.7663449841147671, 8.142928542004118
stenotypist, 1, -0.35279883011970464, 8.393159588613155
stereoptician, 1, -0.4975245195765089, 7.5999350655503735
stereotyper, 1, -0.31388648752849735, 9.820965937006527
sternman, 1, -1.0236949402054027, 8.817382064157325
stippler, 1, -0.10354625369843218, 8.94527643243912
stockbroker, 2, 0.16051440506971834, 10.195109783501923
stockholder, 2, 0.19029729359704647, 9.065699000819022
stockkeeper, 2, 0.05000733688691419, 7.287178860944763
stocklayer, 1, -0.5067315613137314, 8.218224957775735
stonecutter, 1, -0.2568620911103267, 9.589796206405364
stonehand, 1, -0.46415927600356593, 8.799950391622215
stonemason, 1, -1.4117132137279762, 11.720910158581738
stoneworker, 1, -0.32441675286235555, 11.06677900429322
stoper, 2, 0.14538756647336176, 8.808848021913196
storeperson, 1, -0.17475042043282674, 7.793235180714878
straightener, 1, -1.063839797659854, 9.697541641048314
stranner, 1, -0.1251588636804953, 9.512197768701034
strapper, 1, -0.32192827498360993, 11.180373802665258
stratigrapher, 1, -0.49256006537284097, 9.349139120684738
striper, 1, -0.7802361065855579, 8.608852844655411
structurer, 1, -0.5285750880705701, 9.974110566797505
stubber, 1, -0.112627337451049, 8.884930352993184
student, 1, -0.236680048101282, 12.780721718488204
stuffer, 1, -0.8656889591621515, 9.235065668506177
stunner, 1, -0.3736290429116849, 8.569825166997182
stuntman, 1, -2.1620491730558578, 11.653310650687198
subassembler, 2, 0.5296955151907601, 8.182928724537668
subeditor, 1, -0.010658890900439512, 8.695119575748903
subsorter, 1, -0.10845620981246543, 7.714921369359798
superintendent, 1, -0.6237674608066922, 11.374051075840633
supervisor, 1, -0.707905534519392, 12.617947143423512
surfacer, 1, -0.6742754017641124, 9.282854198737828
surgeon, 1, -1.0842435630335128, 12.537782913192213
surveyor, 1, -0.5120772871705542, 13.105408749186052
swabber, 2, 0.008879841640610835, 8.84990457847435
swamper, 1, -0.6721315931459059, 9.793277174840554
swatcher, 1, -0.2422483948372878, 9.664207744251547
swedger, 1, -0.41300826845118305, 7.894292354783436
swimmer, 2, 0.4670908470096825, 12.645306103513084
switcher, 1, -0.08284783124813025, 9.718142735627636
switchman, 1, -0.5291820261938408, 9.544597734401172
synchronizer, 1, -0.36007843452712146, 9.261980382736084
syruper, 1, -0.5809146004142319, 8.25474637118895
tabber, 1, -0.7127863839788425, 10.039433759209585
tableman, 1, -0.788094604236014, 8.064227712114953
tagman, 1, -0.9540601769079308, 9.304456438418848
tailercpa, 2, 0.18059431045053365, 7.8469254647821005
tailman, 1, -0.7221757525361271, 9.159364727539334
talcer, 2, 0.3107280347085374, 9.124617034010212
tallier, 2, 0.21035142769289558, 10.949429198583031
tankerman, 1, -0.9241594193704478, 8.79294930217182
tankman, 1, -0.9389822866343781, 9.544853239240174
tapeman, 1, -1.0873452521026903, 8.341486694897629
targeteer, 1, -0.5802547013168681, 8.497413842936606
tarper, 1, -0.028978700850796048, 9.327800670215591
tattooer, 1, -1.4412794892846352, 9.932930388192755
tawer, 2, 0.17559379783684428, 9.357505506852743
taxonomist, 1, -0.6693845034746086, 11.131516107760772
teacher, 2, 0.20337731682863966, 12.212199420849178
tearer, 1, -0.7574349107699927, 8.295028783224794
teaseler, 2, 0.41722432987507, 9.25913996467908
technician, 1, -0.6342907227942919, 11.346630457194557
tectonophysicist, 1, -0.25768015286691265, 10.452863182754085
telecommunicator, 2, 0.7991998806445731, 10.172643572297012
telemarketer, 1, -0.27169617022613773, 8.5076039316804
telepathist, 2, 0.34730340295929496, 9.07047057451911
telephoner, 1, -0.5706987349015646, 8.641936329192422
teleprinter, 1, -0.2349857409127665, 7.9087818834425025
teleradiologist, 2, 0.1393329298105224, 9.152229480509144
teletypesetter, 2, 0.7310716268261394, 8.146826513608517
teletypist, 1, -0.005868175325309068, 10.215310773661454
teller, 2, 0.09005385452474288, 12.907140250587172
temperer, 1, -0.35493726391912217, 9.428104084183062
tenter, 1, -0.31728038067823644, 9.231833365416215
tenterer, 1, -0.387008658832307, 8.934101983637001
tentmaker, 1, -0.7505542151407044, 7.981824081608937
terminologist, 2, 0.49549859991770345, 9.940437405549218
therapist, 2, 0.2796498087990476, 13.072322929374387
thermodynamicist, 1, -0.09549541157269631, 10.298950683528481
threader, 2, 0.028472763481573175, 9.39655639864963
ticketer, 1, -0.8392121763469148, 10.282003478585409
tightener, 1, -0.4606114958434596, 9.181399900263782
tiler, 1, -0.8813194602544022, 8.938062845621577
tilesetter, 2, 0.2410342946140602, 8.200597755221878
timekeeper, 1, -0.6355941498836325, 8.658297853052652
titrator, 1, -0.12487340180675388, 9.138818154900497
toggler, 2, 0.033493939972973084, 10.71872861859203
tonger, 1, -1.3632437283707264, 10.347171049351466
tongsman, 1, -1.0869462557220824, 8.808453024482677
tonguer, 1, -0.7521712279717271, 8.088972489531821
tooler, 1, -0.6270471230673889, 9.573476892283844
toolmaker, 1, -0.3791881072445434, 9.844014649672598
toolman, 1, -0.9669516149278223, 10.926177331524542
toolsmith, 1, -0.15449771707223028, 8.884532279788694
tosser, 1, -1.0078504394505186, 12.22730697881358
toter, 1, -0.6693899327553553, 10.291113587913454
towerman, 1, -0.926911969681875, 8.313940954297113
toxicologist, 1, -0.36462376780069666, 10.534115993635817
trackman, 1, -0.1953288136658133, 10.652029775081486
trackwalker, 1, -0.2452952872353883, 9.120192652533575
trader, 1, -0.0788969614871958, 11.419127594345882
trainer, 1, -0.522509455601382, 11.365146920010869
trainman, 1, -0.025700770757237458, 11.497758279876415
trainmaster, 2, 0.5202545499431392, 10.639557543295131
transcriber, 2, 0.15787022066159195, 9.051771194131547
transcripter, 1, -0.817386678416505, 9.175168231667662
transcription, 1, -0.8215813399324468, 12.750855844482384
transcriptionist, 1, -0.5186829132678182, 12.845677553798978
transferrer, 1, -0.26913784868999335, 9.13713818810188
translator, 1, -0.8064949410570076, 11.933400873011177
transliterator, 2, 0.050998957773450725, 9.13725711697302
transplanter, 1, -0.9905241454806799, 9.217863641868643
trashman, 1, -0.7282596054890665, 10.556295795151879
treasurer, 1, -0.10197009781365221, 13.835820482819312
treater, 1, -0.16248246950920284, 9.02977514867568
treer, 1, -0.8720714358786535, 9.118280347884065
trestleman, 1, -0.31598756853080606, 7.8140479057371035
trichologist, 1, -0.7116973939296041, 10.16112421686272
tripoler, 1, -0.8373835740073032, 8.35254003646691
tripper, 1, -1.075081675509165, 10.292626139518351
tromper, 1, -0.7410741631655283, 8.78096598887459
trucker, 1, -1.0689417957541694, 10.943193634887912
truckman, 1, -0.6440298551992528, 10.430389355149408
trucksmith, 1, -0.6273411549634004, 8.312966541921362
tuckpointer, 2, 0.40203303905362875, 9.112994534982136
tufter, 1, -0.31112373953472877, 9.173466498023034
tunneller, 1, -0.4388981178180407, 8.14852718058945
turpentiner, 2, 0.5829955859310643, 9.15099550825908
tutor, 1, -0.5224473011491332, 11.905877612448501
twisthand, 1, -0.12715327459891054, 8.866648224505795
typer, 1, -0.4589668544973075, 10.499226648893485
typist, 1, -0.7518547315070684, 11.593586202435034
ultrasonographer, 1, -0.9550972716155547, 8.677949940533864
unbundler, 2, 0.4938487138588032, 9.349331829454071
uncrater, 1, -0.20961637294820443, 11.706892537200364
underbaster, 1, -0.2772493610492558, 9.5157418701028
undercoater, 1, -0.5791891638965213, 8.787952335696659
undercutter, 1, -0.32926089172470635, 8.80060473380823
underliner, 1, -0.5206612091273296, 8.69170112817366
underwriter, 1, -0.6751586367106283, 10.282219033071966
unhairer, 1, -0.4893338175467726, 8.791802631410803
uniformer, 1, -0.9163351452707994, 8.874664647676692
unitizer, 1, -0.831647451516009, 9.902585163257843
unloader, 1, -0.3561690037356347, 8.415742975867172
unscrambler, 2, 0.9304722804818321, 8.256538916976611
unstacker, 2, 0.21439300911899759, 8.32546245566774
upfitter, 1, -0.5571064623057252, 9.224519710039516
upsetter, 1, -0.5705941591988296, 9.135658355649063
urogynaecologist, 1, -0.4287583980074872, 10.159701569849428
urologist, 1, -1.0527757721770268, 11.716958995429799
vaccinator, 2, 0.014878802017296432, 10.132078452237561
valet, 1, -0.07649376435732289, 11.804253258229547
valuer, 1, -0.4911959406657117, 9.217956940984731
valver, 1, -0.6371965611810421, 9.597830729380089
vamper, 1, -0.7547773015776681, 9.715553641501163
varitypist, 2, 0.14482466947489128, 7.899219001764575
varnisher, 1, -0.592420885966861, 8.999519287512154
vender, 1, -0.33403277143328336, 10.255847264300941
vendette, 1, -0.4391560713251203, 9.938081677520236
venipuncturist, 1, -0.6987558685128821, 7.9990325286953485
verifier, 1, -0.7844180687895489, 8.542473883367828
veterinarian, 2, 0.7158111419329964, 11.62554266995011
videographer, 1, -0.34818388701736075, 10.989048490756943
vineyardist, 1, -0.7629050930750388, 8.837818951326842
virologist, 1, -0.4759138790833565, 10.062394495110716
visualizer, 1, -1.197489087391053, 10.056105184435715
viticulturist, 2, 0.04144171405097049, 11.243750651802385
voicer, 1, -0.4594239331052578, 9.176832920406598
volcanologist, 1, -0.9278592133062475, 9.850869682753757
vulcanizer, 1, -0.7424703224608763, 9.905019234998004
waiter, 1, -0.5572765859818837, 11.312025576132115
waitress, 2, 0.8824667562024391, 11.437838840751422
waitstaff, 2, 0.8473884131955356, 11.264782915544213
wallpaperer, 1, -0.8446508954931043, 10.027466873510626
wardsperson, 1, -0.7934851405370529, 7.815310978375328
waredresser, 2, 0.7967651932448391, 9.403374702932986
warehouseman, 1, -1.3188155305322669, 8.405146158131611
warehouser, 1, -1.2295551415766446, 9.580573885316905
warpman, 1, -0.663583437948112, 8.197504912772855
watchguard, 1, -0.08928048732410163, 9.46856309833459
watchstander, 1, -0.02274496317126002, 9.043392872977599
watermaster, 2, 0.039410817633357485, 9.339071520535517
waterproofer, 2, 0.4215445300422072, 8.773070668132089
waxer, 1, -0.24330925082831573, 9.242764584660987
weathercaster, 2, 0.02993405143843888, 9.29049071442979
webmaster, 2, 0.17357354573985992, 10.292491236513655
wedger, 1, -1.2320389376918894, 8.058492952753241
weeder, 1, -1.0774763054300733, 9.305123954384431
weighmaster, 2, 0.2895042094931173, 9.818455173267466
weighter, 1, -0.6542689851350271, 9.404101799794345
welder, 1, -0.7242614843756685, 9.670592807287637
wharfmaster, 2, 0.22915569328873595, 8.743709934181151
wheelman, 1, -0.8787352280280478, 9.011696209972136
whipper, 1, -0.21986866840500865, 9.280144219345512
whitesmith, 1, -0.09809058953120725, 8.205760013611613
whitewasher, 2, 0.05125208413173362, 8.659565427426099
whizzer, 2, 0.2035104064255174, 9.638795493218606
wholesaler, 1, -0.6459441651651396, 10.469256729218195
willower, 2, 0.10233578789070527, 8.525360011365066
wincher, 1, -0.24146395672566232, 10.280634114248823
winderman, 1, -0.5509428848385683, 8.16854797958809
windlasser, 1, -0.3353410059396718, 7.555386234462395
windsmith, 2, 0.16575006977707687, 9.771752223436152
winemaker, 1, -0.304987440639479, 9.780139651691247
winterizer, 1, -0.4450698097512307, 8.95502648096858
wirer, 1, -0.5659424567910559, 8.670655173686253
wireworker, 1, -0.01493577796543357, 9.97189598730489
woodworker, 1, -0.250993884583615, 11.756914571856386
worker, 1, -0.11545816125014655, 13.189432557938124
wrister, 1, -0.3999035213755452, 7.7961397938178
writer, 1, -0.17361901487151724, 13.287543200496522
yarder, 1, -1.346424867188475, 10.942174076021187
yardmaster, 2, 0.07025774354482153, 8.830541447219495
yoker, 1, -0.3993751720830821, 9.958080329545869
youtuber, 1, -0.9773461092826182, 8.97986685789444
zanjero, 1, -0.23858629176140575, 9.421824883843724
zigzagger, 1, -0.29244884430380697, 10.139278888653523
zoogler, 1, -0.534656866263573, 7.9244371071244135
zookeeper, 1, -0.09382013127237313, 8.335442648191558
