occupation, Gender.MALE, Gender.FEMALE
abstracter, 0.6060801222920418, 0.1129558589309454
abstractor, 0.6353014931082726, 0.09470605850219727
accessioner, 0.5322792828083038, 0.16167471185326576
accountant, 0.6328248232603073, 0.08778340462595224
acidizer, 0.5748146995902061, 0.08034203108400106
actuary, 0.5854409784078598, 0.22249332070350647
acupressurist, 0.5771439597010612, 0.1819222755730152
acupuncturist, 0.5952046886086464, 0.19550630077719688
addresser, 0.501592081040144, 0.12822283990681171
adjuster, 0.4428919516503811, 0.19945497810840607
admeasurer, 0.7826902717351913, 0.03985802689567208
administrator, 0.5619562193751335, 0.17875545099377632
advertiser, 0.5945279523730278, 0.07572157867252827
advisor, 0.5790989473462105, 0.14737889543175697
aerodynamicist, 0.8096845149993896, 0.07037703692913055
aerographer, 0.711561530828476, 0.14393922686576843
aerologist, 0.7896258383989334, 0.053491562604904175
aerophysicist, 0.7360403090715408, 0.0575095359236002
aesthetician, 0.6056598983705044, 0.12228354625403881
afterschool, 0.235520302754594, 0.13471315053175204
agent, 0.6031045764684677, 0.12209346704185009
agriculturist, 0.7956661432981491, 0.06976890191435814
agronomist, 0.8253161907196045, 0.022186508635059
aircrewman, 0.7347413748502731, 0.09687487129122019
algebraist, 0.7056628614664078, 0.06596823874861002
algologist, 0.6074965409934521, 0.14516908302903175
aligner, 0.5215959176421165, 0.19066356495022774
allergist, 0.5700726583600044, 0.14879765547811985
aluminizer, 0.4772345498204231, 0.05984064005315304
amalgamator, 0.6137856468558311, 0.06736111454665661
anaesthesiologist, 0.633921280503273, 0.16593404486775398
analyst, 0.5812409743666649, 0.14216495864093304
anchorer, 0.5296138226985931, 0.329448901116848
anchorman, 0.8139157444238663, 0.06729680765420198
anesthesiologist, 0.6199009828269482, 0.1485287994146347
anesthetist, 0.44447680190205574, 0.2747751660645008
angiographer, 0.7588956207036972, 0.0674519632011652
anglesmith, 0.618702594190836, 0.12808027304708958
animator, 0.7109620273113251, 0.10236384626477957
annealer, 0.5681807957589626, 0.13230263628065586
announcer, 0.5298117063939571, 0.10584736242890358
anodiser, 0.5128199830651283, 0.1509454157203436
anodizer, 0.489835973829031, 0.1308211050927639
answerer, 0.42293715104460716, 0.19846594333648682
anthropologist, 0.3436119891703129, 0.38084133900702
anthropometrist, 0.6728587970137596, 0.1193269994109869
antiquer, 0.3989535728469491, 0.13489531725645065
anvilsmith, 0.5191614963114262, 0.04828445240855217
apiarist, 0.5667363069951534, 0.19384388625621796
apiculturist, 0.6626038327813148, 0.12545485515147448
applier, 0.5510357543826103, 0.07418357022106647
appliquer, 0.5489286854863167, 0.05028822226449847
appraiser, 0.5993664935231209, 0.12876783311367035
apprentice, 0.7002370059490204, 0.0675899488851428
approver, 0.5125011429190636, 0.19773027300834656
aquaculturist, 0.6281699687242508, 0.1702013947069645
aquarist, 0.5223661065101624, 0.29170871526002884
arbitrator, 0.6335962861776352, 0.11272483319044113
arborer, 0.5401716902852058, 0.17304884642362595
arboriculturist, 0.8023387491703033, 0.07633730210363865
arborist, 0.656870000064373, 0.11018818244338036
archaeologist, 0.6122595854103565, 0.1271943338215351
archeologist, 0.8279195576906204, 0.041493453085422516
architect, 0.7499203979969025, 0.03523328108713031
archivist, 0.5901373475790024, 0.1636185571551323
aromatherapist, 0.4383689984679222, 0.2682761251926422
assayer, 0.6784389093518257, 0.07136685168370605
assembler, 0.48286621645092964, 0.08741397317498922
assessor, 0.6615121141076088, 0.10877647809684277
assigner, 0.5193227231502533, 0.19413654506206512
assistant, 0.5580825433135033, 0.20060916524380445
associate, 0.6142555326223373, 0.126016553491354
assorter, 0.6043412759900093, 0.11523790564388037
astrobiologist, 0.8541546761989594, 0.03720198338851333
astrochemist, 0.8114104270935059, 0.05099438573233783
attache, 0.5841658264398575, 0.1340484917163849
attacher, 0.5983008816838264, 0.12594114243984222
attenuator, 0.5217692814767361, 0.09462747676298022
attorney, 0.6512766107916832, 0.08135179663076997
audiologist, 0.7113162875175476, 0.19339127838611603
audiometrist, 0.4381416365504265, 0.38023707270622253
audioprosthologist, 0.7218063026666641, 0.14476358704268932
auditor, 0.6064868494868279, 0.13656892254948616
auriculotherapist, 0.6568193286657333, 0.13389045093208551
aurist, 0.44176478683948517, 0.3072490729391575
author, 0.5079489387571812, 0.23215309903025627
authorizer, 0.6671438068151474, 0.08468391746282578
autocutter, 0.6904882863163948, 0.07153163012117147
autoglazier, 0.7602421790361404, 0.07382383430376649
autographer, 0.6468257680535316, 0.16005339659750462
autotransfusionist, 0.686610221862793, 0.147513959556818
aviculturist, 0.7576680332422256, 0.08823048137128353
babbitter, 0.5313581861555576, 0.12709930911660194
babysitter, 0.11183824297040701, 0.5461158007383347
backbreaker, 0.303558899089694, 0.10737528465688229
backfiller, 0.4769134074449539, 0.09974579326808453
backwinder, 0.5058459788560867, 0.12820837646722794
baggageman, 0.7113858908414841, 0.03693961072713137
baggagemaster, 0.7626201510429382, 0.013871352537535131
bailiff, 0.7752855271100998, 0.03720791498199105
baker, 0.5841966420412064, 0.16033044643700123
balancer, 0.48468082025647163, 0.16935775242745876
baler, 0.5335460267961025, 0.07400747761130333
ballaster, 0.7817623615264893, 0.08319916389882565
ballistician, 0.6310715675354004, 0.1001749038696289
bander, 0.7187106385827065, 0.09053143300116062
bankman, 0.8803017139434814, 0.007573111623059958
barback, 0.5928692370653152, 0.08649291889742017
barber, 0.8118716776371002, 0.01946234714705497
bargeman, 0.7636823654174805, 0.013167367200367153
barista, 0.2803788734599948, 0.3840506598353386
barkeep, 0.6386971697211266, 0.040209348779171705
barkeeper, 0.6534351408481598, 0.07945725182071328
barmaid, 0.008928254130296409, 0.8587543219327927
barman, 0.8593128323554993, 0.016624627052806318
bartacker, 0.5844301134347916, 0.12615746073424816
bartender, 0.5286674126982689, 0.11174684204161167
bartenders, 0.45165335200726986, 0.10564351640641689
batchmaker, 0.5332415588200092, 0.2113988995552063
batteryman, 0.8305387943983078, 0.01158069632947445
beader, 0.5207176804542542, 0.1109289899468422
beadworker, 0.4617053493857384, 0.26930737867951393
beamster, 0.5209875367581844, 0.13733596540987492
bearingizer, 0.40599629282951355, 0.17283602245151997
behaviorist, 0.40584634989500046, 0.22025800868868828
bellhop, 0.7039806842803955, 0.03340730117633939
bellmaker, 0.6765372678637505, 0.12428167322650552
bellman, 0.7665766775608063, 0.01862036349484697
bellperson, 0.47292778827250004, 0.06922173965722322
bellstaff, 0.4675954799167812, 0.033004374941810966
beveler, 0.5469437651336193, 0.08829271700233221
biller, 0.6564196869730949, 0.0962804933078587
billposter, 0.7171878963708878, 0.06247066892683506
binman, 0.672454945743084, 0.04771882388740778
bioanalyst, 0.7227753400802612, 0.07723145745694637
bioassayist, 0.5981486663222313, 0.1535358615219593
biochemist, 0.6014230474829674, 0.14528564736247063
bioengineer, 0.55020372569561, 0.17415347509086132
biogeographer, 0.724192813038826, 0.09934359416365623
bioinformatician, 0.6335237771272659, 0.13325712084770203
bioinformaticist, 0.6819817870855331, 0.1450895257294178
biologist, 0.6643959507346153, 0.09253106825053692
biomathematician, 0.5876639783382416, 0.12013128399848938
biometrician, 0.6900615692138672, 0.10355585254728794
biopsychologist, 0.769527293741703, 0.08860154030844569
biostatistician, 0.5154023915529251, 0.236240666359663
biotechnician, 0.5588619820773602, 0.13276395946741104
biotechnologist, 0.7359801083803177, 0.07257348764687777
blackener, 0.36923384480178356, 0.14508975530043244
blankmaker, 0.38432483561336994, 0.12512914650142193
blender, 0.3308485858142376, 0.09669404290616512
blindmaker, 0.500273410230875, 0.23540828377008438
blocklayer, 0.6961230337619781, 0.11442529410123825
blockman, 0.7858493775129318, 0.018501663580536842
blockmason, 0.8006893545389175, 0.025794280343689024
blueprinter, 0.6471561640501022, 0.07075288984924555
blunger, 0.599215529859066, 0.1167751494795084
boardmarker, 0.4090765565633774, 0.16424591757822782
boatwright, 0.7597295194864273, 0.030587402638047934
bobtailer, 0.5316343978047371, 0.11652574501931667
bodybuilder, 0.6388126835227013, 0.09808781929314137
boilermaker, 0.7384478598833084, 0.0467743412591517
bonderizer, 0.5033570416271687, 0.215669434517622
booker, 0.5740261748433113, 0.12268908135592937
bookie, 0.5238805152475834, 0.1340511180460453
bookkeeper, 0.6189143806695938, 0.1181408679112792
booky, 0.5792318657040596, 0.08715247921645641
bootmaker, 0.496649619191885, 0.16822432167828083
borderer, 0.6085338518023491, 0.11839515622705221
bottler, 0.5683863908052444, 0.10182731598615646
bracer, 0.47776927798986435, 0.17286226898431778
bradder, 0.6133532300591469, 0.069822465069592
braddisher, 0.5956903584301472, 0.1155041866004467
brainer, 0.3658566325902939, 0.07220483862329274
brancher, 0.6886152997612953, 0.1011348320171237
breadman, 0.7730804234743118, 0.020582771045155823
breaster, 0.3255627118051052, 0.4147966131567955
brewmaster, 0.8148119300603867, 0.02193807763978839
bricklayer, 0.8536357432603836, 0.010341372399125248
brickmason, 0.7768727093935013, 0.01992607838474214
brigadier, 0.8736020177602768, 0.010657100705429912
broacher, 0.6443044990301132, 0.089989825617522
broadcaster, 0.7237080037593842, 0.13234191481024027
broker, 0.6690094247460365, 0.07969296164810658
bronzer, 0.5917388312518597, 0.1503408644348383
broommaker, 0.4140726774930954, 0.3599182516336441
brusher, 0.558319415897131, 0.1487675942480564
bryologist, 0.7726001366972923, 0.08083801111206412
buccaro, 0.6589794754981995, 0.032796244602650404
budder, 0.5513694286346436, 0.08919456601142883
bufferer, 0.4927765727043152, 0.16853328421711922
buggyman, 0.7437896281480789, 0.00961971573997289
bulker, 0.4970841072499752, 0.10885951668024063
bulldogger, 0.7008582800626755, 0.059011928737163544
bumboater, 0.5936391577124596, 0.08041426073759794
bundler, 0.525468073785305, 0.18039424158632755
burlapper, 0.6162998750805855, 0.0884954733774066
burnisher, 0.6137829944491386, 0.10159528441727161
bursar, 0.584609366953373, 0.14990830793976784
busboy, 0.812777578830719, 0.014687075978145003
busgirl, 0.007999993686098605, 0.800723671913147
bushler, 0.693636454641819, 0.06443044729530811
busperson, 0.619327574968338, 0.11841251887381077
busser, 0.6266223676502705, 0.0739502883516252
butcher, 0.6774127408862114, 0.05558352789375931
butcherette, 0.4722486147657037, 0.06886978819966316
buttermaker, 0.4828326590359211, 0.23624185845255852
buttoner, 0.40353388898074627, 0.16577375028282404
buttonholer, 0.4471984952688217, 0.21736853569746017
buyer, 0.4537197947502136, 0.16340460628271103
cableman, 0.8600558787584305, 0.015277635538950562
caddie, 0.4110676869750023, 0.21779843792319298
caddy, 0.43095796182751656, 0.11410706117749214
caddymaster, 0.7234674990177155, 0.024981597904115915
calciminer, 0.5042206384241581, 0.06201407127082348
calenderer, 0.6455387473106384, 0.10481652710586786
calker, 0.44009377621114254, 0.07744759693741798
candlemaker, 0.396241869777441, 0.2893691696226597
cannoneer, 0.8027178049087524, 0.03648424567654729
caponizer, 0.5324813537299633, 0.10577941685914993
carbider, 0.6074909940361977, 0.10483836382627487
carbonator, 0.5932936519384384, 0.09607725404202938
carbonizer, 0.5203178897500038, 0.09364677872508764
carburizer, 0.5427147150039673, 0.09148303978145123
cardiographer, 0.7668300271034241, 0.13914860785007477
cardiologist, 0.6445034220814705, 0.13539093546569347
caretaker, 0.446036659181118, 0.2565965298563242
cargoman, 0.7993277460336685, 0.023994908900931478
carpenter, 0.7536593526601791, 0.023056029807776213
carpenters, 0.6903315261006355, 0.039194378070533276
carroter, 0.5536078065633774, 0.12416225858032703
caser, 0.4740985259413719, 0.15782131999731064
caseworker, 0.6575518846511841, 0.1511773932725191
cashier, 0.3780389837920666, 0.3256416656076908
catechist, 0.7555827125906944, 0.06926767295226455
cattyman, 0.6427438706159592, 0.09554925467818975
causticiser, 0.6747048869729042, 0.1025377456098795
cellophaner, 0.35513641219586134, 0.18838494643568993
cementer, 0.6833041608333588, 0.04670745972543955
cena, 0.43615234829485416, 0.18984778970479965
centerpuncher, 0.5726416856050491, 0.11868998222053051
ceo, 0.7194531932473183, 0.05270573869347572
ceramist, 0.6964512914419174, 0.06893372349441051
certifier, 0.41006604582071304, 0.18552033975720406
chainer, 0.6081007942557335, 0.09102782048285007
chainman, 0.7755290120840073, 0.012924496317282319
chair, 0.2919815152999945, 0.08773519576061517
chairman, 0.8652218133211136, 0.015047925291582942
chancellor, 0.7707265540957451, 0.04030495183542371
channeler, 0.620699405670166, 0.17764087580144405
chaperon, 0.5459050312638283, 0.13962667994201183
chaperone, 0.261597104370594, 0.4039815813302994
chaplain, 0.8016369789838791, 0.017437695409171283
chaplaincy, 0.4368937811232172, 0.0236213728931034
charger, 0.39655588660389185, 0.046003015944734216
charrer, 0.6294136717915535, 0.11751703266054392
chauffeur, 0.6486209630966187, 0.0997124444693327
checker, 0.3897344321012497, 0.14675537310540676
checkman, 0.7219375669956207, 0.024087999714538455
cheesemaker, 0.491514440625906, 0.1956903599202633
chef, 0.4934079945087433, 0.22079178504645824
chefs, 0.49010754004120827, 0.160335935652256
chemist, 0.6461868360638618, 0.07717766473069787
chemists, 0.5690512526780367, 0.06810747599229217
chemotherapist, 0.5962244421243668, 0.22038375213742256
chipper, 0.33649779111146927, 0.31475092843174934
chlorinator, 0.5245891585946083, 0.17613518610596657
chocolatier, 0.6308802142739296, 0.11590382363647223
choirmaster, 0.9357810616493225, 0.011904837563633919
chucker, 0.527123399078846, 0.09471559897065163
chummer, 0.2901704600080848, 0.18660128489136696
churner, 0.6092797145247459, 0.0896524079144001
cinetechnician, 0.752580851316452, 0.059841851936653256
circulator, 0.6430297344923019, 0.11828179657459259
clammer, 0.441236624494195, 0.03355053695850074
clamper, 0.47746494971215725, 0.035007009748369455
clarifier, 0.3437060993164778, 0.19421067088842392
classer, 0.5465244427323341, 0.16197015903890133
classifier, 0.4904588833451271, 0.22382168099284172
cleaner, 0.44520458579063416, 0.2334445472806692
cleaners, 0.2992686862125993, 0.1757203657180071
cleater, 0.6024620234966278, 0.09164868108928204
clerk, 0.6322190836071968, 0.11939748236909509
climatologist, 0.7263357043266296, 0.07375660073012114
clipman, 0.6527780666947365, 0.019924872554838657
clockmaker, 0.6504885256290436, 0.1305696964263916
clocksmith, 0.6616401597857475, 0.09347652457654476
coach, 0.7546469122171402, 0.046540877781808376
coagulator, 0.7119603455066681, 0.1045971941202879
coater, 0.5786636173725128, 0.13384225592017174
coder, 0.5099864229559898, 0.16628439351916313
codifier, 0.3930568341165781, 0.1074859001673758
cofounder, 0.5772371888160706, 0.19981208443641663
cognos, 0.5728650987148285, 0.08711859118193388
coiler, 0.4548936253413558, 0.05551037355326116
cokeman, 0.7924429178237915, 0.011244048189837486
coldfusion, 0.33044752525165677, 0.10698924568714574
collator, 0.6241713389754295, 0.09956065379083157
collector, 0.6899472326040268, 0.09944206662476063
colleter, 0.612809419631958, 0.12434175796806812
colorer, 0.45329808816313744, 0.23744770884513855
colorist, 0.5642775744199753, 0.1737212259322405
colorman, 0.6308649182319641, 0.06435805931687355
columnist, 0.6035970970988274, 0.20290888473391533
combiner, 0.662290632724762, 0.06808150932192802
comedian, 0.7964303195476532, 0.043015141040086746
companion, 0.41709570214152336, 0.2346150241792202
compensator, 0.5393123030662537, 0.12555315345525742
compounder, 0.6743637248873711, 0.07348195090889931
comptometrist, 0.6852394267916679, 0.0893730791285634
comptroller, 0.8160332292318344, 0.047718769405037165
computator, 0.7044859156012535, 0.0655430918559432
concaver, 0.4598726397380233, 0.02484578429721296
conceptor, 0.5967312678694725, 0.13884789496660233
concessionist, 0.6425410509109497, 0.09127444121986628
concierge, 0.398528877645731, 0.27011268585920334
conciliator, 0.7073816657066345, 0.1161197591573
concreter, 0.5510540567338467, 0.102941052056849
configurator, 0.7407609969377518, 0.09104069694876671
consignee, 0.25112161226570606, 0.5495573058724403
consolidator, 0.5444059744477272, 0.15675071440637112
consultant, 0.5291564203798771, 0.15090563148260117
conveyancer, 0.6476562470197678, 0.08573347702622414
cookee, 0.5827591419219971, 0.15516289323568344
cooperer, 0.621151514351368, 0.10303694289177656
cop, 0.5881691351532936, 0.07574960961937904
cops, 0.4059272073209286, 0.1234233882278204
copyholder, 0.3651282759383321, 0.14887093100696802
copyist, 0.5926580913364887, 0.13275843299925327
copyman, 0.6855470836162567, 0.054372671991586685
copywriter, 0.5237558335065842, 0.19918052107095718
cordwainer, 0.6476888582110405, 0.07636404735967517
coremaker, 0.3560774214565754, 0.29470619559288025
cornetist, 0.562436543405056, 0.13967020250856876
coroner, 0.6810953617095947, 0.05877755954861641
corpsman, 0.8485871851444244, 0.013384039863012731
correspondent, 0.672539584338665, 0.18443125672638416
corrugator, 0.5651122853159904, 0.12486809305846691
corsetier, 0.32420364022254944, 0.3575975149869919
cosmetician, 0.3992801569402218, 0.3239120617508888
cosmetologist, 0.7425036430358887, 0.08905799873173237
costumer, 0.40488213300704956, 0.3212652653455734
councilman, 0.8757907450199127, 0.00855367025360465
councilor, 0.7086310982704163, 0.10059179458767176
councilperson, 0.7099217027425766, 0.10382076539099216
counsel, 0.6108626984059811, 0.11098337173461914
counsellors, 0.5013033784925938, 0.17365820240229368
counselor, 0.24939431436359882, 0.41936851665377617
counterperson, 0.45644921995699406, 0.12740089744329453
countersinker, 0.363135494524613, 0.08194453991018236
coupler, 0.29110995354130864, 0.09776831488125026
courier, 0.5629033371806145, 0.17730853706598282
coutierier, 0.7934548258781433, 0.04680377012118697
couturiere, 0.4496404305100441, 0.35436148196458817
coverer, 0.40474121272563934, 0.21252451464533806
cowlman, 0.6274696215987206, 0.09897640533745289
crabber, 0.5740990340709686, 0.11895349994301796
craniologist, 0.7504000440239906, 0.0505286268889904
credentialer, 0.523467943072319, 0.18703073635697365
creeler, 0.6462271735072136, 0.11049038916826248
cremator, 0.4962486131116748, 0.03740209527313709
crester, 0.4440857358276844, 0.1683775559067726
cribber, 0.5267547331750393, 0.14389785937964916
criminalist, 0.7275969460606575, 0.059125589206814766
crocheter, 0.2759769596159458, 0.30851607769727707
crosscutter, 0.7027445584535599, 0.06536704814061522
crozer, 0.5557111315429211, 0.06058663548901677
crusher, 0.5495846457779408, 0.14192683808505535
cryptanalyst, 0.7238476052880287, 0.044425676576793194
cryptographer, 0.6049477122724056, 0.07607597671449184
cryptologist, 0.6911896988749504, 0.04489998985081911
cryptozoologist, 0.5806013941764832, 0.10665905103087425
crystalizer, 0.45437273010611534, 0.12105969153344631
crystallographer, 0.7097939550876617, 0.20103029906749725
cto, 0.6598578542470932, 0.10673706885427237
cuffer, 0.3904714295640588, 0.11833624541759491
culturist, 0.6515049412846565, 0.14372234046459198
curator, 0.44573643058538437, 0.28736767172813416
curber, 0.5353899821639061, 0.12681780755519867
custodian, 0.6651990562677383, 0.09362940676510334
customizer, 0.4544479176402092, 0.13426479697227478
cyberathlete, 0.4243613500148058, 0.23890467174351215
cytogeneticist, 0.7003368362784386, 0.129516476765275
cytologist, 0.749524362385273, 0.07505419384688139
cytopathologist, 0.6739992946386337, 0.10391741804778576
cytotechnologist, 0.8209000676870346, 0.043604089645668864
damascener, 0.5856932625174522, 0.15197549760341644
dampener, 0.25334433652460575, 0.10499385953880847
dampproofer, 0.34082041890360415, 0.07342257676646113
deadener, 0.38756703585386276, 0.1566794291138649
dealmaker, 0.25935094617307186, 0.4354478232562542
dean, 0.6572124809026718, 0.06398970261216164
debeader, 0.6741761043667793, 0.08686765283346176
debeaker, 0.6845514550805092, 0.07580122258514166
deblocker, 0.549029216170311, 0.16244541853666306
deboner, 0.5980289876461029, 0.10668881051242352
debrander, 0.4574935156852007, 0.14274727553129196
debubblizer, 0.6004362553358078, 0.0570242665708065
deburrer, 0.527576420456171, 0.06505759991705418
decaler, 0.6500800475478172, 0.07316228654235601
decatizer, 0.4557081386446953, 0.13701637834310532
deckhand, 0.7536882013082504, 0.03219670755788684
decontaminator, 0.5191482119262218, 0.13156634010374546
dedenter, 0.5992106646299362, 0.13531820476055145
degreaser, 0.6136250272393227, 0.09368940442800522
dehairer, 0.637092262506485, 0.12227119691669941
dehorner, 0.6919865757226944, 0.10940331220626831
dehydrator, 0.3665928691625595, 0.23515252396464348
delimer, 0.5657358318567276, 0.14037840627133846
delineator, 0.5024012327194214, 0.11038666404783726
demographer, 0.7109366804361343, 0.11936990264803171
demolitionist, 0.6919120252132416, 0.061520734801888466
denitrator, 0.7136040180921555, 0.09144105855375528
densitometrist, 0.6860587745904922, 0.09789573028683662
dentist, 0.7194089218974113, 0.0642001866362989
dermatologist, 0.7296472415328026, 0.074042740277946
dermatopathologist, 0.7735191658139229, 0.06649114238098264
designer, 0.38116680830717087, 0.29270634800195694
desilverizer, 0.7430443614721298, 0.062104109674692154
desolderer, 0.6650453507900238, 0.10626254789531231
detacher, 0.6310629919171333, 0.08806871064007282
detacker, 0.40627090260386467, 0.11639208067208529
detailer, 0.4710245728492737, 0.1740529164671898
detasseler, 0.6294101104140282, 0.11471809167414904
detective, 0.668295294046402, 0.059380730614066124
devops, 0.5091969780623913, 0.1485562901943922
dewaxer, 0.6057657450437546, 0.09929754212498665
dewer, 0.6164298504590988, 0.1124133300036192
diabetologist, 0.5659855157136917, 0.26982445642352104
diagrammer, 0.5513999536633492, 0.11015974078327417
dialer, 0.42133011482656, 0.1376672605983913
dianeticist, 0.5338635742664337, 0.20477261766791344
dietician, 0.5994642749428749, 0.24903468042612076
dietist, 0.6298193782567978, 0.21403062343597412
dietitian, 0.7897484600543976, 0.07356558949686587
digester, 0.4952016994357109, 0.10136903263628483
digitizer, 0.360570365563035, 0.1031779870390892
dinker, 0.6464562863111496, 0.075981879606843
dioramist, 0.5339942760765553, 0.11506999284029007
director, 0.7821992486715317, 0.09385790675878525
disassembler, 0.477599885314703, 0.09076667577028275
dishwasher, 0.39129242673516273, 0.13656216149684042
disintegrator, 0.6822694391012192, 0.11582039389759302
dismantler, 0.6072664260864258, 0.07341301627457142
dispatcher, 0.5840264782309532, 0.12862249836325645
displayer, 0.47032076865434647, 0.21492159366607666
distiller, 0.7553646713495255, 0.03775519086048007
distresser, 0.45420488342642784, 0.2580215409398079
ditcher, 0.4854482300579548, 0.13470114395022392
divemaster, 0.8245217204093933, 0.023628683062270284
dockmaster, 0.8731438219547272, 0.007382370298728347
dockworker, 0.7799554020166397, 0.06628789706155658
doctor, 0.6101400628685951, 0.11100750882178545
doffer, 0.5792442113161087, 0.09530403278768063
dogger, 0.5876005366444588, 0.08651598542928696
dollyman, 0.6481967568397522, 0.04679458122700453
dominatrix, 0.019888710463419557, 0.7514071390032768
doorkeeper, 0.5820172354578972, 0.13395243417471647
doormaker, 0.33369651809334755, 0.3557256832718849
doorperson, 0.3792324089445174, 0.12244570977054536
doorshaker, 0.3397973923711106, 0.0904360510467086
dopeman, 0.6984995901584625, 0.016228041145950556
doper, 0.46988072246313095, 0.18996455892920494
dopster, 0.5300574526190758, 0.14547013491392136
dosimetrist, 0.6131245791912079, 0.12705762963742018
doughmaker, 0.49009060859680176, 0.26109200343489647
doula, 0.4807312674820423, 0.23015264049172401
douper, 0.5022360719740391, 0.11826704069972038
dovetailer, 0.3677453547716141, 0.19705218076705933
doweler, 0.5126734301447868, 0.15206662192940712
drafter, 0.6984145045280457, 0.07404716778546572
draftsperson, 0.6521536409854889, 0.1550265895202756
dragger, 0.6681781560182571, 0.056414793245494366
drainlayer, 0.6253137663006783, 0.11558919306844473
drainman, 0.8031501024961472, 0.018786694621667266
draughtsman, 0.8136091828346252, 0.01835258095525205
dredgemaster, 0.83262699842453, 0.005505720153450966
drencher, 0.48800981044769287, 0.06625632289797068
drier, 0.29906704265158623, 0.12565997254569083
driftman, 0.801050677895546, 0.011834101867862046
driver, 0.6317420452833176, 0.0834285356104374
drosser, 0.5307501703500748, 0.09784623328596354
drycleaner, 0.44069579616189003, 0.13319703750312328
drywaller, 0.6559655889868736, 0.0934110227972269
dulser, 0.6819125115871429, 0.08540667314082384
dumper, 0.40712031442672014, 0.056760805658996105
dumpman, 0.7173599749803543, 0.018016527639701962
dynamicist, 0.7479134947061539, 0.08540604822337627
dynamiter, 0.7008101791143417, 0.032858267426490784
echocardiographer, 0.528037466108799, 0.3236520066857338
echocardiologist, 0.5716886222362518, 0.2127973809838295
ecologist, 0.7065130546689034, 0.09923202358186245
econometrician, 0.8096080124378204, 0.06213162373751402
ecotherapist, 0.4954444393515587, 0.24954788386821747
edgerman, 0.4290039837360382, 0.13649011589586735
editor, 0.7008485123515129, 0.1681424230337143
educator, 0.5638746470212936, 0.20541827380657196
eeler, 0.6946373358368874, 0.08069792576134205
egyptologist, 0.801867201924324, 0.03775706375017762
electrician, 0.733794815838337, 0.07237802678719163
electrochemist, 0.7143194526433945, 0.08286156924441457
electrodynamicist, 0.7255232930183411, 0.12026171665638685
electroformer, 0.5153533406555653, 0.05197487445548177
electrologist, 0.7958873212337494, 0.08300841972231865
electrolysist, 0.5546498000621796, 0.12045230995863676
electromechanic, 0.5274229384958744, 0.06658988632261753
electrophysiologist, 0.7756423875689507, 0.09099415130913258
electroplater, 0.6174939125776291, 0.10443468485027552
electrotherapist, 0.5453442931175232, 0.1943327821791172
electrotyper, 0.7506666257977486, 0.08942482341080904
embedder, 0.5308049023151398, 0.12638132274150848
embroiderer, 0.4101349040865898, 0.368268720805645
enameler, 0.7676401734352112, 0.07444517035037279
encapsulator, 0.6327449902892113, 0.1128228884190321
encephalographer, 0.6945108622312546, 0.18072054907679558
endbander, 0.6344069838523865, 0.13841473683714867
endocrinologist, 0.6553575769066811, 0.14767303317785263
endodontist, 0.8304277509450912, 0.07513580424711108
engineer, 0.8045456856489182, 0.019159796880558133
engraver, 0.7254977934062481, 0.04533785372041166
engrosser, 0.5897474959492683, 0.13834969513118267
enologist, 0.6873788014054298, 0.09059097990393639
enrober, 0.5358847789466381, 0.11374686099588871
enroller, 0.5498843044042587, 0.18688856065273285
enterer, 0.6162526234984398, 0.1645013689994812
entrepreneur, 0.6666686460375786, 0.07342730462551117
epidemiologist, 0.7775147408246994, 0.09291365649551153
eradicator, 0.7012322694063187, 0.10394067130982876
ergonomist, 0.6506787165999413, 0.07449957029893994
esthetician, 0.5593703389167786, 0.15257806703448296
estimator, 0.5909940898418427, 0.10133826080709696
ethnoarchaeologist, 0.8518623411655426, 0.03659555595368147
ethnographer, 0.8080776482820511, 0.08056832291185856
ethologist, 0.7491425126791, 0.07043329253792763
etiologist, 0.7079237177968025, 0.0846400554291904
evaluator, 0.5358691401779652, 0.17030851542949677
evaporator, 0.42903835885226727, 0.11302055977284908
eviscerator, 0.5505211129784584, 0.13978651724755764
examiner, 0.5486055240035057, 0.15967410802841187
exerciser, 0.47357701510190964, 0.24587060511112213
exhauster, 0.43251817487180233, 0.14184248447418213
expander, 0.6077219992876053, 0.11219968274235725
expediter, 0.516052819788456, 0.19631269201636314
extender, 0.4224624801427126, 0.07769107935018837
exterminator, 0.6720748394727707, 0.09737366810441017
extern, 0.635496236383915, 0.1386536117643118
extruder, 0.4135025907307863, 0.06510517187416553
eyedotter, 0.46616223454475403, 0.1298521403223276
eyeletter, 0.47339409589767456, 0.1679621860384941
faceter, 0.2488498669117689, 0.17145796213299036
facetor, 0.3669230379164219, 0.16428427770733833
facialist, 0.5867566093802452, 0.17500624433159828
facilitator, 0.5611262395977974, 0.22668223828077316
factorer, 0.7547527700662613, 0.06030691135674715
fagoter, 0.606916144490242, 0.14022173546254635
farmhand, 0.7523822039365768, 0.05271394457668066
farmworker, 0.8134355843067169, 0.0467551969923079
farmworkers, 0.6826731562614441, 0.056009441148489714
featherer, 0.4670524522662163, 0.21538758650422096
feltmaker, 0.25924914702773094, 0.27175392396748066
fermenter, 0.3967831939953612, 0.07762104350695154
fermentologist, 0.7260631024837494, 0.08722211793065071
ferruler, 0.5219501107931137, 0.17571460083127022
fiberglasser, 0.3960726112127304, 0.19302493706345558
filleter, 0.43401647359132767, 0.18431413546204567
filterer, 0.5536552667617798, 0.18326744064688683
fingerer, 0.38660871610045433, 0.15075310319662094
fingerprinter, 0.4761171229183674, 0.1743869073688984
firefighter, 0.6802637428045273, 0.06738032959401608
fireman, 0.7864864766597748, 0.01615460659377277
fireperson, 0.5159551873803139, 0.11389869637787342
firesetter, 0.5967876091599464, 0.10928196087479591
fisher, 0.6926142945885658, 0.06448629219084978
flagger, 0.7018022537231445, 0.059426162857562304
flagman, 0.8406174033880234, 0.016377942636609077
flagsetter, 0.6376510784029961, 0.16332599520683289
flanger, 0.5140742398798466, 0.11281723529100418
flarer, 0.37437693402171135, 0.14451313577592373
flavorer, 0.3796333894133568, 0.12466622609645128
fleecer, 0.3532859575934708, 0.12070432025939226
floatman, 0.7297083288431168, 0.03676197258755565
floorhand, 0.5547640174627304, 0.16306186839938164
floorleader, 0.3814786970615387, 0.33832378685474396
floorman, 0.7711845338344574, 0.03065089648589492
floorperson, 0.4367697611451149, 0.24286696314811707
floorwalker, 0.4550711512565613, 0.2004015725106001
floorworker, 0.6390442475676537, 0.18042903020977974
floriculturist, 0.6408047527074814, 0.1496822014451027
florist, 0.33213389851152897, 0.34785883501172066
flosser, 0.47610026970505714, 0.14095010049641132
flumer, 0.44713641703128815, 0.1480455156415701
fluxer, 0.6523619443178177, 0.10440424829721451
focuser, 0.4757879972457886, 0.21862557902932167
forgesmith, 0.8195936977863312, 0.028209606185555458
formulator, 0.6905041635036469, 0.08496274799108505
founder, 0.6370570585131645, 0.0905558243393898
foxer, 0.6739335395395756, 0.09936298243701458
frameman, 0.7199507802724838, 0.020137799438089132
framer, 0.5569213926792145, 0.1144173126667738
fudger, 0.46465346589684486, 0.06357179954648018
fueler, 0.652833878993988, 0.11144836712628603
fullerette, 0.3939052913337946, 0.17301072925329208
funder, 0.6588122025132179, 0.19439055398106575
fundraiser, 0.22743664076551795, 0.20421570574399084
gaggerman, 0.7607051134109497, 0.01920787140261382
galvanizer, 0.5755245387554169, 0.09527155570685863
gambreler, 0.7213398292660713, 0.03477984480559826
gamemaster, 0.8152120262384415, 0.035541349556297064
gamer, 0.6398673802614212, 0.12754826247692108
garageman, 0.8223905563354492, 0.011316071031615138
gardener, 0.5872421339154243, 0.11654261872172356
garnetter, 0.6579002290964127, 0.10219299420714378
garnisher, 0.6587986573576927, 0.1026593754068017
gasfitter, 0.5952140986919403, 0.09770638030022383
gastroenterologist, 0.7711734622716904, 0.1143066268414259
gatekeeper, 0.6749098896980286, 0.08088002540171146
gateman, 0.7558541595935822, 0.0158168226480484
gearman, 0.6864032447338104, 0.03451715991832316
gemologist, 0.7041707187891006, 0.07446382194757462
generalist, 0.7502343729138374, 0.040842827409505844
geneticist, 0.49703383445739746, 0.19381705671548843
geochemist, 0.7180774807929993, 0.06966963317245245
geodesist, 0.8133811354637146, 0.026521403808146715
geologist, 0.7113441228866577, 0.04805266275070608
geomagnetician, 0.8740684688091278, 0.024546354543417692
geomagnetist, 0.8289124667644501, 0.03745270427316427
geometrician, 0.7879571467638016, 0.03984623262658715
geomorphologist, 0.7956480234861374, 0.04075348447076976
geophysicist, 0.7647681832313538, 0.03681534342467785
geoscientist, 0.7764560058712959, 0.0466734804213047
geotechnician, 0.7201467901468277, 0.04447520803660154
geriatrician, 0.47972985729575157, 0.2792622298002243
geropsychologist, 0.7999252825975418, 0.08060482842847705
getterer, 0.6351852342486382, 0.09187375381588936
ginner, 0.5568881779909134, 0.12021759897470474
giver, 0.44808243215084076, 0.24272172898054123
glaciologist, 0.8799725323915482, 0.03248600789811462
glassblower, 0.5629290603101254, 0.19579575676470995
glassie, 0.32047012634575367, 0.23832672089338303
glassworker, 0.6737923845648766, 0.09516155440360308
gluer, 0.5387543961405754, 0.13511893711984158
gm, 0.6031836718320847, 0.09709913656115532
goldbeater, 0.5606276020407677, 0.09540465101599693
gopherman, 0.7095595300197601, 0.011700080707669258
granulator, 0.48821808584034443, 0.043393879663199186
grappler, 0.6550235822796822, 0.03312083566561341
gravedigger, 0.673119030892849, 0.06283479370176792
greenbelt, 0.298999298363924, 0.12546233934699558
greenkeeper, 0.5167394429445267, 0.1590738408267498
greenskeeper, 0.6258894801139832, 0.10346253030002117
greensman, 0.7271646112203598, 0.03252865094691515
greeter, 0.3790818713605404, 0.24295438826084137
grinder, 0.5340213552117348, 0.05400476837530732
gristmiller, 0.8326429277658463, 0.01771212520543486
grizzlyman, 0.6947675570845604, 0.010639734799042344
groundhand, 0.6203438490629196, 0.07969283498823643
groundman, 0.7771111279726028, 0.023241315386258066
groundskeeper, 0.6075179427862167, 0.12103947531431913
groundsman, 0.744484931230545, 0.02414365520235151
groutman, 0.7431628853082657, 0.025617789244279265
grubber, 0.656755343079567, 0.07854409888386726
guide, 0.443673450499773, 0.24277851916849613
guideman, 0.7880190163850784, 0.022815207834355533
gynecologist, 0.6341185346245766, 0.21385515481233597
haircutter, 0.522042665630579, 0.17429089359939098
hairdresser, 0.23339991457760334, 0.520442470908165
hammerer, 0.6251843422651291, 0.08146147429943085
handyman, 0.7026591002941132, 0.01940322807058692
handyperson, 0.43863943964242935, 0.21127822250127792
hanger, 0.3755918927490711, 0.15179766900837421
hangersmith, 0.5802434235811234, 0.1289924830198288
harbormaster, 0.8481688946485519, 0.014146215398795903
harnessmaker, 0.6398027315735817, 0.10567980585619807
harpooner, 0.58295938372612, 0.14496640115976334
headhunter, 0.5346262603998184, 0.1322139073163271
headwaitress, 0.22337923105806112, 0.5409542545676231
heddler, 0.5976563841104507, 0.11402040161192417
heeler, 0.4194231703877449, 0.21321620419621468
heliotherapist, 0.6047601215541363, 0.09728660620748997
helminthologist, 0.6660204157233238, 0.10052481107413769
hematologist, 0.7641083300113678, 0.07213871506974101
hemotherapist, 0.5446976311504841, 0.19748124666512012
hemstitcher, 0.5503200590610504, 0.16439799033105373
hepatologist, 0.6989154443144798, 0.08785151783376932
herbologist, 0.7464355453848839, 0.05864330381155014
herpetologist, 0.6849315240979195, 0.10320425033569336
highballer, 0.6066211834549904, 0.0790284713730216
histologist, 0.6970380619168282, 0.08193328883498907
histopathologist, 0.6459483951330185, 0.09950306639075279
historiographer, 0.7138487622141838, 0.041050996631383896
histotechnician, 0.6866725832223892, 0.04648438096046448
histotechnologist, 0.7591947689652443, 0.04195100115612149
hitcher, 0.6431658491492271, 0.08134628925472498
hobber, 0.6352692171931267, 0.0864845598116517
hoister, 0.5043766424059868, 0.11286881007254124
hoistman, 0.7245448902249336, 0.019522109418176115
homeworker, 0.30432021990418434, 0.31311939284205437
homoeopath, 0.5690673217177391, 0.17709343507885933
hookman, 0.776691123843193, 0.01857809373177588
horologist, 0.6272347532212734, 0.12065591476857662
horseshoer, 0.6327187791466713, 0.07734235189855099
horticulturalist, 0.7405381053686142, 0.10293835680931807
hoseman, 0.7314438819885254, 0.026751974364742637
hospitalist, 0.7355458438396454, 0.09751403331756592
host, 0.4568736180663109, 0.2690400071442127
hostess, 0.021266113850288093, 0.7706569582223892
housecleaner, 0.45417850092053413, 0.2690889909863472
housefellow, 0.5172400325536728, 0.17078865319490433
housekeeper, 0.008220201940275729, 0.7561618685722351
housemaid, 0.008159501710906625, 0.8655320703983307
houseman, 0.8308743238449097, 0.016387515817768872
houseperson, 0.5796943455934525, 0.21161555871367455
housesmith, 0.709986686706543, 0.105384211987257
hunter, 0.5605960339307785, 0.08051134552806616
hydrator, 0.45020646415650845, 0.1334827970713377
hydroblaster, 0.49208373203873634, 0.07100052665919065
hydrodynamicist, 0.7517101168632507, 0.1204344779253006
hydrogeologist, 0.8124776780605316, 0.07536295568570495
hydrographer, 0.8830025494098663, 0.05046314047649503
hydrologist, 0.8518963009119034, 0.03859229478985071
hydrometeorologist, 0.8050381988286972, 0.08863111864775419
hydropulper, 0.6764146760106087, 0.08335817791521549
hydrotherapist, 0.5589510574936867, 0.18904460966587067
hygienist, 0.6175569966435432, 0.12158654443919659
hypertrichologist, 0.598543681204319, 0.20796983689069748
hypnotherapist, 0.6702976673841476, 0.1766814924776554
ichthyologist, 0.8540069460868835, 0.03139266814105213
illuminator, 0.6462972089648247, 0.08472688309848309
illusionist, 0.6643843427300453, 0.07384181907400489
imager, 0.4799746163189411, 0.13819129019975662
immunochemist, 0.631478525698185, 0.11074393428862095
immunohematologist, 0.7687921673059464, 0.07372512854635715
immunologist, 0.7033784538507462, 0.09131988137960434
immunopathologist, 0.7220424562692642, 0.08578768465667963
imposer, 0.5666316747665405, 0.13927872106432915
impregnator, 0.631772518157959, 0.11546166427433491
indexer, 0.7258084863424301, 0.11777446139603853
infantryman, 0.9403825551271439, 0.0032764359784778208
informatica, 0.18223815597593784, 0.4443700388073921
informaticist, 0.7517982497811317, 0.0749207716435194
inker, 0.5200709998607635, 0.12853918224573135
inlayer, 0.6771009340882301, 0.07801760267466307
inletter, 0.5145834609866142, 0.1508569922298193
inoculator, 0.5769050270318985, 0.16169005818665028
inseamer, 0.6180945858359337, 0.10820579994469881
inseminator, 0.49260373786091805, 0.19065940752625465
inserter, 0.47068923711776733, 0.19341343268752098
inspector, 0.7595670968294144, 0.0558556504547596
installer, 0.4728758633136749, 0.1689341850578785
instructor, 0.5501568838953972, 0.1440051756799221
intensivist, 0.5883118137717247, 0.15897667035460472
interlacer, 0.4592375922948122, 0.11728278454393148
interlocker, 0.3514006473124027, 0.06876208158791997
intern, 0.3655311409384012, 0.2785201445221901
internist, 0.4812614805996418, 0.24226008728146553
internship, 0.32362640684004873, 0.11677979945670813
interpreter, 0.5645029693841934, 0.16594216227531433
interventionist, 0.5944881811738014, 0.15934681333601475
investigator, 0.5281501561403275, 0.13876194786280394
investor, 0.6691720560193062, 0.054088256787508726
inweaver, 0.4681568592786789, 0.21369388327002525
iridologist, 0.7210538759827614, 0.0749498987570405
ironer, 0.6487097553908825, 0.0497358962893486
ironmolder, 0.8027096092700958, 0.018464887514710426
ironworker, 0.834320142865181, 0.016833709320053458
irrigationist, 0.7739694491028786, 0.06894285301677883
irrigator, 0.7184699326753616, 0.08879964333027601
issuer, 0.5655795782804489, 0.13793599605560303
jackaroo, 0.5149643272161484, 0.036017405800521374
jacker, 0.5943475887179375, 0.07261878810822964
jackerman, 0.5862444192171097, 0.09412446152418852
jackspooler, 0.5094959288835526, 0.11881857179105282
jailer, 0.656951978802681, 0.06132411980070174
jailkeeper, 0.7175131812691689, 0.05520921270363033
jailor, 0.7153193056583405, 0.049755248706787825
janitor, 0.5940680205821991, 0.13187824748456478
jerker, 0.5431813970208168, 0.11709337867796421
jewelsmith, 0.6522577702999115, 0.09765500389039516
jigmaker, 0.7214170098304749, 0.16338589414954185
jigman, 0.4227393642067909, 0.1036843666806817
jigsawyer, 0.6604927331209183, 0.08611590880900621
joiner, 0.6883533746004105, 0.09467233065515757
journalist, 0.7068321518599987, 0.12544561922550201
judge, 0.7674145326018333, 0.04319983278401196
kaiawhina, 0.4086337648332119, 0.3488583229482174
kaiwhakahaere, 0.6098112016916275, 0.10292193293571472
kalsominer, 0.7628430873155594, 0.08449255954474211
kettleman, 0.6771897524595261, 0.018699293490499258
keyliner, 0.4066034946590662, 0.11673642974346876
keypuncher, 0.5863836333155632, 0.09432724490761757
keysmith, 0.6633005142211914, 0.08258972689509392
kilnman, 0.788986548781395, 0.02079572854563594
kindergartner, 0.6411417871713638, 0.10378502868115902
kineseologist, 0.7129981964826584, 0.1107441084459424
kinesiologist, 0.6621323749423027, 0.13033470138907433
kinesiotherapist, 0.5552397146821022, 0.28577086329460144
kitchenhand, 0.4819132760167122, 0.27095869183540344
kitman, 0.7551462352275848, 0.028547835419885814
knifeman, 0.8228080868721008, 0.009568355977535248
knobber, 0.544392317533493, 0.06356561090797186
knotter, 0.62149578332901, 0.06933385692536831
knuckler, 0.6790273785591125, 0.06537589430809021
labeler, 0.6108383536338806, 0.164293572306633
laborer, 0.6411184892058372, 0.08525111246854067
labourers, 0.6059723272919655, 0.11198592931032181
lacemaker, 0.16673720255494118, 0.5730517879128456
laceworker, 0.507168211042881, 0.2590799406170845
lacquerer, 0.6368813067674637, 0.10636257566511631
ladderman, 0.8063809871673584, 0.016580255702137947
ladler, 0.5718676596879959, 0.07900018710643053
laminator, 0.4936758056282997, 0.17870589904487133
landman, 0.8381862938404083, 0.00953099480830133
landmen, 0.7358130812644958, 0.018793806084431708
landscaper, 0.6418895348906517, 0.08396480232477188
lapeler, 0.5313702002167702, 0.17025711201131344
lapidarist, 0.544121578335762, 0.2134558968245983
lapper, 0.5507465079426765, 0.15124824922531843
larriman, 0.6186395734548569, 0.07694433350116014
laryngologist, 0.45393284410238266, 0.25453734770417213
laserist, 0.5153940245509148, 0.19398103654384613
latcher, 0.46550051867961884, 0.1295932810753584
latexer, 0.4130978211760521, 0.10035201767459512
lathmaker, 0.4931407868862152, 0.23898975923657417
launchman, 0.8487545251846313, 0.030455192551016808
lawyer, 0.6702353619039059, 0.07248805463314056
lawyers, 0.49344438314437866, 0.12541460152715445
leacher, 0.6868060082197189, 0.09986799210309982
leadlighter, 0.5454570315778255, 0.1523544117808342
leathersmith, 0.6656335517764091, 0.05415258090943098
legislators, 0.5838001035153866, 0.1242890227586031
lepidopterist, 0.7198195308446884, 0.06649018358439207
letterer, 0.632292240858078, 0.1441168710589409
leveler, 0.5063610076904297, 0.1975409835577011
levelman, 0.7932971864938736, 0.024046621983870864
leverman, 0.8146444708108902, 0.012396786012686789
librarian, 0.3479465013369918, 0.30242128670215607
lidder, 0.4485478885471821, 0.1926768273115158
lifeguard, 0.5976390726864338, 0.09534994699060917
lifter, 0.44375812262296677, 0.31488265097141266
lighter, 0.3737886971794069, 0.08892804314382374
limnologist, 0.7738149613142014, 0.06675826758146286
lineman, 0.6781019903719425, 0.057997042778879404
linemarker, 0.40663301246240735, 0.05535006721038371
linesperson, 0.6185360699892044, 0.16890904121100903
lineworker, 0.7617598325014114, 0.07557689677923918
linotyper, 0.750325620174408, 0.033597693080082536
linotypist, 0.5548090860247612, 0.19166939705610275
liquefier, 0.5235273502767086, 0.11804752983152866
lithostripper, 0.5550571531057358, 0.12558968365192413
litigator, 0.5531667992472649, 0.14844099804759026
loader, 0.6118836104869843, 0.08845826704055071
loaders, 0.4675998017191887, 0.08261307328939438
loadmaster, 0.8430540859699249, 0.01267086889129132
lobbyist, 0.6004910916090012, 0.1462978795170784
lobsterman, 0.7968150228261948, 0.0133239955175668
locator, 0.5403175354003906, 0.11943857744336128
lockmaker, 0.6027863845229149, 0.11296618171036243
locksmith, 0.6938269957900047, 0.04625654453411698
lockstitcher, 0.5826386138796806, 0.14477018639445305
lofter, 0.501299325376749, 0.17128794267773628
loftsman, 0.7543738037347794, 0.028251250041648746
logger, 0.6538567841053009, 0.05237920768558979
logistician, 0.708988606929779, 0.057365634478628635
lopper, 0.6159654930233955, 0.0983003918081522
lugger, 0.7189336642622948, 0.05735600716434419
lurer, 0.459364116191864, 0.22578025236725807
lusterer, 0.6078090220689774, 0.1280880607664585
machinist, 0.661893680691719, 0.07816694490611553
magistrate, 0.7570217847824097, 0.03621943877078593
magnetizer, 0.42326174676418304, 0.03901048912666738
mailer, 0.46758254803717136, 0.0705086556263268
mailmaster, 0.8869491666555405, 0.014600577298551798
malariologist, 0.754085011780262, 0.06777770118787885
maltster, 0.64375901222229, 0.0660885670222342
mammalogist, 0.7176478877663612, 0.09512102510780096
mammographer, 0.48631370067596436, 0.2867015600204468
manager, 0.8226211369037628, 0.06789724808186293
manufacturer, 0.5748973526060581, 0.031453512609004974
manugrapher, 0.6873503774404526, 0.10849084332585335
mapper, 0.5444581769406796, 0.15661581698805094
marbleizer, 0.49333080742508173, 0.07424424216151237
marinator, 0.4087165677919984, 0.1366232307627797
marketer, 0.6673494130373001, 0.11616462096571922
massotherapist, 0.5877576470375061, 0.1453772336244583
masticator, 0.4794473871588707, 0.2356499619781971
matcher, 0.6561046242713928, 0.13919953629374504
mathematician, 0.6396116875112057, 0.08889236580580473
measurer, 0.5148028284311295, 0.14830457605421543
meatcutter, 0.7140364497900009, 0.04102179128676653
meatman, 0.7915979474782944, 0.013982389238663018
mechanic, 0.7099978253245354, 0.047076216200366616
mechanist, 0.6328043788671494, 0.07709447387605906
mechanotherapist, 0.608416885137558, 0.12038201838731766
mediator, 0.6541405394673347, 0.12395727075636387
mercerizer, 0.5608747079968452, 0.10262160375714302
merchandiser, 0.6748750060796738, 0.10347092244774103
meringuer, 0.5285029672086239, 0.05393855879083276
mesmerist, 0.38932156190276146, 0.2794390544295311
metalizer, 0.5401880741119385, 0.09481253661215305
metallographer, 0.7778923660516739, 0.13493403978645802
metalsmith, 0.6798147857189178, 0.0711201261729002
metalworker, 0.7805685698986053, 0.040319001069292426
metaphysician, 0.5986065939068794, 0.1298969816416502
metaphysicist, 0.6508203893899918, 0.09873582981526852
meterman, 0.7996065020561218, 0.031460670521482825
methodologist, 0.7295299619436264, 0.08033950719982386
metrologist, 0.8527444899082184, 0.06019970355555415
microfilmer, 0.7328555807471275, 0.07319196034222841
micropaleontologist, 0.757110983133316, 0.09464291483163834
microscopist, 0.5492874756455421, 0.22044627740979195
midwife, 0.006550928868819028, 0.8589511960744858
millwright, 0.7835136651992798, 0.025329650146886706
mimeographer, 0.6896150410175323, 0.11503809597343206
miner, 0.7537063807249069, 0.03414070373401046
minister, 0.8583390563726425, 0.01744035677984357
missileman, 0.7380540519952774, 0.028508276445791125
mixologist, 0.6204224228858948, 0.15187585912644863
modeler, 0.501384049654007, 0.22034699842333794
mohel, 0.636336475610733, 0.1146522918716073
molder, 0.44385664351284504, 0.09568251948803663
monologist, 0.6632386520504951, 0.092534514144063
monotyper, 0.7008513510227203, 0.07842638762667775
monotypist, 0.6253759935498238, 0.1462391223758459
mooner, 0.4383915290236473, 0.21526812948286533
mopper, 0.5945856645703316, 0.07282983511686325
morphologist, 0.687313050031662, 0.10503669828176498
mortarman, 0.7999238669872284, 0.021520416485145688
mosaicist, 0.7352324575185776, 0.09611670393496752
moshgiach, 0.6535278707742691, 0.06478314474225044
mounter, 0.6465908363461494, 0.11331166326999664
moveman, 0.7277450710535049, 0.04171991441398859
mover, 0.5436017215251923, 0.16035397350788116
movers, 0.4905569292604923, 0.17605417594313622
muleser, 0.5958850681781769, 0.07852422632277012
multigrapher, 0.46919073909521103, 0.19615113455802202
mustanger, 0.5369651094079018, 0.13500013016164303
mycologist, 0.5681017301976681, 0.16662286408245564
nanotechnician, 0.5407134890556335, 0.15449069812893867
nanotechnologist, 0.6759815514087677, 0.09662631899118423
naprapath, 0.6457633227109909, 0.12130844965577126
naturalist, 0.7128250747919083, 0.05645511904731393
naturopath, 0.6180821657180786, 0.16316022723913193
needlemaker, 0.27056801319122314, 0.44091375917196274
needleworker, 0.4969249442219734, 0.28334732353687286
negotiator, 0.5784939602017403, 0.1407003104686737
nematologist, 0.7218536958098412, 0.06057785078883171
neonatologist, 0.6031592562794685, 0.18469056859612465
nephrologist, 0.6631903424859047, 0.11308413185179234
networker, 0.6234576180577278, 0.18143105879426003
neurobiologist, 0.7980079650878906, 0.05265147238969803
neurologist, 0.7432031109929085, 0.07045173551887274
neuropathologist, 0.6830442249774933, 0.09464202262461185
neurophysiologist, 0.7610754668712616, 0.07811929751187563
neuropsychiatrist, 0.7972385287284851, 0.08213923312723637
neuropsychologist, 0.8166829347610474, 0.0691168480552733
neuroradiologist, 0.6895613372325897, 0.09774824790656567
neuroscientist, 0.6360746398568153, 0.09818599745631218
neurosurgeon, 0.6507188528776169, 0.1331158559769392
neurourologist, 0.7902766168117523, 0.06512204371392727
newsagent, 0.40310082770884037, 0.08384248754009604
newsperson, 0.44613802805542946, 0.2215725239366293
newswriter, 0.5531300827860832, 0.21181733533740044
nicker, 0.3967356448993087, 0.09340461436659098
nightman, 0.7235286235809326, 0.019679480814374983
nocturnist, 0.6129978001117706, 0.13799085095524788
nodulizer, 0.5585432648658752, 0.12613575533032417
normalizer, 0.3772388622164726, 0.19462314806878567
notcher, 0.4696705862879753, 0.11105938255786896
noteman, 0.6191454902291298, 0.018102008383721113
notereader, 0.34498051018454134, 0.1474591732257977
nozzleman, 0.7539191991090775, 0.018047689693048596
numerologist, 0.7213268652558327, 0.07323500979691744
nurse, 0.009062583092600107, 0.8441405892372131
nurseryperson, 0.22956557944417, 0.5300706624984741
nutritionalist, 0.43181878700852394, 0.29760144278407097
nutritionist, 0.39649347960948944, 0.3671817258000374
nutritionists, 0.4264337420463562, 0.2705801110714674
obstetrician, 0.3494271785020828, 0.36626093834638596
oceanologist, 0.7605242282152176, 0.07864595949649811
ocularist, 0.6943747103214264, 0.10716207697987556
oenologist, 0.7267763689160347, 0.09646391868591309
offbearer, 0.6517720893025398, 0.09628433175384998
officer, 0.7585922628641129, 0.04038564441725612
olericulturist, 0.7815157026052475, 0.0874899448826909
oncologist, 0.6963940635323524, 0.10073347017168999
opener, 0.45533543825149536, 0.09518010914325714
operater, 0.6685539484024048, 0.11648870632052422
operator, 0.6620480194687843, 0.10826679226011038
ophthalmologist, 0.8518463522195816, 0.0667864172719419
optician, 0.6425225213170052, 0.10670367255806923
optometrist, 0.7413923293352127, 0.09762744046747684
orchardist, 0.6959578692913055, 0.0798249552026391
orchestrator, 0.8678426146507263, 0.0635572262108326
orderly, 0.5784987658262253, 0.12443990632891655
oreman, 0.8029596954584122, 0.02307276427745819
orientor, 0.7316439226269722, 0.06369628617540002
ornamenter, 0.5881764963269234, 0.1244753785431385
orthodontist, 0.8223399370908737, 0.0815121796913445
orthoptist, 0.6071449592709541, 0.16338158771395683
orthotist, 0.6652832850813866, 0.13826388120651245
osteologist, 0.8160666674375534, 0.04775119153782725
otolaryngologist, 0.6683006063103676, 0.12360277213156223
otologist, 0.8156267553567886, 0.05499622691422701
otorhinolaryngologist, 0.6890716478228569, 0.13502051960676908
outsewer, 0.5792685821652412, 0.134287241846323
overcaster, 0.4545695371925831, 0.1422195341438055
overcoiler, 0.45954760164022446, 0.22427426651120186
overedger, 0.6213873699307442, 0.03294203779660165
overhauler, 0.6470794975757599, 0.16993838176131248
overlocker, 0.4205396668985486, 0.06568377022631466
overseamer, 0.5236821845173836, 0.12474724277853966
overweaver, 0.4056381657719612, 0.12602459825575352
owner, 0.58474475517869, 0.09538162034004927
oysterman, 0.7570932805538177, 0.01673047465737909
packager, 0.573226809501648, 0.13029456697404385
packer, 0.6559736132621765, 0.058859816286712885
padder, 0.4160449393093586, 0.1268701646476984
paediatrician, 0.4333011545240879, 0.3045341446995735
paedodontist, 0.6321109086275101, 0.1461001466959715
paginator, 0.437048714607954, 0.20750578306615353
painter, 0.6569825038313866, 0.10554584581404924
pairer, 0.47807907313108444, 0.2062036097049713
palaeontologist, 0.8178012371063232, 0.023584356531500816
paleobotanist, 0.6358796581625938, 0.0700161512941122
paleologist, 0.6680910587310791, 0.06925671268254519
palletizer, 0.6042802482843399, 0.11658703722059727
panelbeater, 0.43666889891028404, 0.12617731653153896
panman, 0.7415090799331665, 0.04244595346972346
pantographer, 0.7006078362464905, 0.13800378888845444
pantomimist, 0.7275273203849792, 0.08110372396185994
paperhanger, 0.3789439568063244, 0.0507325277721975
paraeducator, 0.6556812822818756, 0.11516213975846767
paraffiner, 0.5117405615746975, 0.17638453468680382
paralegal, 0.6036906018853188, 0.2179660052061081
paralegals, 0.5121429152786732, 0.1848269198089838
paramedic, 0.4660202581435442, 0.20889870077371597
paraoptometric, 0.5502633303403854, 0.07323477510362864
paraplanner, 0.4445401057600975, 0.23416053503751755
parasitologist, 0.7293724194169044, 0.10365358460694551
parboiler, 0.6273489445447922, 0.13029778189957142
parer, 0.6439641565084457, 0.1062299907207489
parker, 0.5528567060828209, 0.12485920824110508
partner, 0.48004960268735886, 0.1310840155929327
pasteurizer, 0.38608146319165826, 0.09290359157603234
pastor, 0.7734689861536026, 0.023242523660883307
pastrycook, 0.3080477323383093, 0.27219539135694504
patcher, 0.4734538272023201, 0.17097085528075695
pathologist, 0.618979923427105, 0.11536974087357521
patroller, 0.645400233566761, 0.10901775117963552
patternator, 0.4058639667928219, 0.16620630212128162
patternmaker, 0.1728322496637702, 0.5254413411021233
paver, 0.4596127513796091, 0.05452646501362324
pearler, 0.5301981084048748, 0.19505031406879425
pediatrician, 0.5088898651301861, 0.3232044540345669
pedicurist, 0.6322390288114548, 0.1297059878706932
pedodontist, 0.6651532128453255, 0.11376330070197582
pedorthist, 0.6016925647854805, 0.13976500183343887
pegger, 0.5602710843086243, 0.13632445596158504
pelletizer, 0.5429986454546452, 0.05106365401297808
penciller, 0.5991145446896553, 0.07911657262593508
peoplesoft, 0.4420185685157776, 0.08584316493943334
percher, 0.5559347718954086, 0.13900204747915268
perforator, 0.41550644813105464, 0.03612951416289434
perfumer, 0.48269394412636757, 0.27580415084958076
perfusionist, 0.593168817460537, 0.19933050498366356
periodontist, 0.7948625981807709, 0.0686259651556611
peripatologist, 0.7806030660867691, 0.07089836709201336
petrographer, 0.7631794735789299, 0.08747354988008738
petrologist, 0.712944895029068, 0.09152177721261978
petrophysicist, 0.7111628353595734, 0.08562213648110628
pharmacist, 0.7387409806251526, 0.0825132206082344
pharmacists, 0.6379419825971127, 0.07736815232783556
pharmacoepidemiologist, 0.8565104156732559, 0.0639397925697267
pharmacogeneticist, 0.818498432636261, 0.08027521474286914
pharmacognosist, 0.6195613592863083, 0.21453371457755566
pharmacologist, 0.8665835410356522, 0.03715637605637312
pharmacometrician, 0.8517222553491592, 0.06151750963181257
phlebotomist, 0.7999061197042465, 0.05576845817267895
photoengraver, 0.37557026580907404, 0.11798238183837384
photogeologist, 0.6519217565655708, 0.1512085348367691
photogrammetrist, 0.45861948281526566, 0.2761531062424183
photographer, 0.583472479134798, 0.11690971814095974
photolithographer, 0.7204579412937164, 0.16541641391813755
physiatrist, 0.7226523086428642, 0.10791354905813932
physician, 0.683639258146286, 0.06646205857396126
physiognomist, 0.7650933936238289, 0.06663350202143192
physiologist, 0.802748292684555, 0.05910016177222133
phytopathologist, 0.8185532242059708, 0.058470568619668484
piccoloist, 0.6672972738742828, 0.10593234188854694
picker, 0.5617227926850319, 0.13326512463390827
piecer, 0.37543146312236786, 0.1630370058119297
piercer, 0.5575682893395424, 0.11254489794373512
piler, 0.46497393399477005, 0.14045867510139942
pilot, 0.7079410180449486, 0.06167643330991268
pinmaker, 0.47037164866924286, 0.2578703835606575
pipefitter, 0.593402273952961, 0.10654329415410757
pipelayer, 0.7643229514360428, 0.06910300347954035
pipeliner, 0.6504815369844437, 0.09128049202263355
pipeman, 0.7667941451072693, 0.01865968108177185
pizzamaker, 0.46864937245845795, 0.19623435102403164
planisher, 0.6142827048897743, 0.11468662600964308
planner, 0.42374639585614204, 0.2694331742823124
planogrammer, 0.4459060853696428, 0.03228906961157918
plasticator, 0.5460634008049965, 0.10981716960668564
platemaker, 0.4773179218173027, 0.21805672720074654
plateman, 0.8379407674074173, 0.010228060884401202
platinumsmith, 0.48247209563851357, 0.17496106028556824
pleater, 0.4562341971322894, 0.062319598626345396
plugger, 0.536248616874218, 0.15896949172019958
plugman, 0.6876081079244614, 0.03216276550665498
plumber, 0.6689968705177307, 0.0801249542273581
podiatrist, 0.6139026135206223, 0.135633141733706
pododermatologist, 0.783867597579956, 0.05873575247824192
podopediatrician, 0.33591971918940544, 0.4513259083032608
poiser, 0.5695019140839577, 0.13718034885823727
policeman, 0.8062419295310974, 0.021951263770461082
policewoman, 0.0076880427659489214, 0.8714822977781296
polysomnographer, 0.7122839540243149, 0.21540376916527748
pomologist, 0.7739922404289246, 0.052385611459612846
pondman, 0.7427258193492889, 0.025649103336036205
poster, 0.3433159403502941, 0.12842924566939473
postie, 0.4595536179840565, 0.16427696868777275
postmaster, 0.7538032084703445, 0.03135727858170867
postulant, 0.5166141502559185, 0.20102860406041145
poultryman, 0.8754657655954361, 0.0070065242471173406
pouncer, 0.6072445958852768, 0.09019079711288214
poundmaster, 0.8194258958101273, 0.015314628602936864
pourer, 0.5925128534436226, 0.12431733123958111
powderer, 0.5711149275302887, 0.12212836742401123
powderman, 0.734953910112381, 0.019426565850153565
powerbuilder, 0.6893175691366196, 0.06363517139106989
practitioner, 0.5388259887695312, 0.1821955293416977
preboarder, 0.4227016270160675, 0.3179125413298607
precipitator, 0.3781088516116142, 0.09062291169539094
prefabricator, 0.5196636766195297, 0.12599594704806805
prefitter, 0.3976391442120075, 0.27649879455566406
prehemmer, 0.40537450462579727, 0.1464651394635439
preparator, 0.5372364651411772, 0.06967570073902607
preparer, 0.4293922707438469, 0.24990319460630417
prepleater, 0.35991122433915734, 0.11008139932528138
prepper, 0.4322315491735935, 0.19826591946184635
prescriptionist, 0.47773978114128113, 0.2254508100450039
preservationist, 0.5875464081764221, 0.11232213582843542
president, 0.7355343848466873, 0.049728874117136
pressfitter, 0.608796738088131, 0.13469352386891842
pressurizer, 0.6392574831843376, 0.11312171164900064
prestidigitator, 0.5479891002178192, 0.2043762244284153
pricer, 0.45199713855981827, 0.11150815524160862
priest, 0.7976038902997971, 0.017560046981088817
printmaker, 0.40100063756108284, 0.3978268727660179
proctologist, 0.7104688882827759, 0.0752981984987855
producer, 0.628603458404541, 0.19792822934687138
profiler, 0.4462804049253464, 0.17130107805132866
programmer, 0.5396900288760662, 0.14326990209519863
proofer, 0.5439957529306412, 0.1297498680651188
proofreader, 0.47705041617155075, 0.19933622516691685
propagator, 0.6171904504299164, 0.18266520462930202
prosthetist, 0.5506720021367073, 0.22114256396889687
prosthodontist, 0.7346290498971939, 0.09264476969838142
protohistorian, 0.8161267787218094, 0.023516420973464847
prototyper, 0.6399721130728722, 0.10103997122496367
protozoologist, 0.8759699165821075, 0.03772522392682731
prover, 0.5246525257825851, 0.1383049413561821
pruner, 0.5545680597424507, 0.08107005152851343
psychiatrist, 0.5463976040482521, 0.1487715020775795
psychodramatist, 0.490129005163908, 0.21651030331850052
psychologist, 0.4544056486338377, 0.2374820802360773
psychologists, 0.533030491322279, 0.16512527130544186
psychometrician, 0.5305778756737709, 0.15552809461951256
psychometrist, 0.3811551705002785, 0.3031875044107437
psychotherapist, 0.3305821679532528, 0.3215864636003971
publicist, 0.6624353602528572, 0.15372862853109837
pulmonologist, 0.8189131617546082, 0.05134337395429611
pulper, 0.5601985678076744, 0.05146905733272433
pulverizer, 0.5923306345939636, 0.04795173928141594
pumpman, 0.7504735440015793, 0.014346574549563229
puncher, 0.6557655334472656, 0.06699059996753931
purchaser, 0.5279940813779831, 0.15000487118959427
purler, 0.5634176321327686, 0.1167776770889759
puttier, 0.5253391712903976, 0.07080503832548857
pyroglazer, 0.5820234306156635, 0.06851108651608229
pyrotechnician, 0.7274364829063416, 0.07879730546846986
pyrotechnist, 0.6608901396393776, 0.09783537033945322
quahogger, 0.5835627242922783, 0.06964858528226614
quarryman, 0.8697732388973236, 0.004741244512842968
quoter, 0.46325869485735893, 0.17119723558425903
rabbler, 0.5072058364748955, 0.10944229830056429
rackman, 0.7704901695251465, 0.020006716484203935
radarman, 0.7534711509943008, 0.03711698763072491
radiographer, 0.6131129190325737, 0.23846806213259697
radiologist, 0.771978072822094, 0.0928164585493505
radiopharmacist, 0.690492108464241, 0.16784602403640747
radiotelegrapher, 0.874832957983017, 0.07732691150158644
radiotelegraphist, 0.8733726143836975, 0.08688343642279506
raftsman, 0.7541000694036484, 0.035315107088536024
ragman, 0.8467033207416534, 0.010215994203463197
railroader, 0.8005492985248566, 0.012230837601236999
rampman, 0.7199718654155731, 0.04515391308814287
ratoprinter, 0.4432680793106556, 0.0801567817106843
raveler, 0.5399430990219116, 0.18389908969402313
reacher, 0.5036502704024315, 0.126901151612401
rebeamer, 0.555382926017046, 0.14534279331564903
rebrander, 0.3720605706330389, 0.08664767059963197
recapper, 0.5404159426689148, 0.11629855446517467
receiver, 0.6983347237110138, 0.06381213665008545
recenterer, 0.5910448357462883, 0.13535640761256218
recep, 0.44644817151129246, 0.08554861042648554
reception, 0.29715496050630463, 0.10553942094702506
receptionist, 0.02305035525932908, 0.712129145860672
recharger, 0.44776105880737305, 0.08321034628897905
rechecker, 0.514343649148941, 0.08310792036354542
reclaimer, 0.3539658710360527, 0.3152576573193073
recoater, 0.43161511048674583, 0.22674954682588577
reconciler, 0.5745448470115662, 0.12738593854010105
reconditioner, 0.5815013274550438, 0.144166000187397
recooperer, 0.652901329100132, 0.0828136783093214
recordist, 0.7213893234729767, 0.12507356889545918
recoverer, 0.6664644107222557, 0.12800703011453152
recruiter, 0.6512278914451599, 0.08790079783648252
recycler, 0.46956320852041245, 0.1176686268299818
redipper, 0.4437262825667858, 0.16571222245693207
redrawer, 0.36900488135870546, 0.056284311576746404
reducer, 0.3853086940944195, 0.10884747724048793
reexaminer, 0.489999633282423, 0.18638448417186737
refinisher, 0.5084664486348629, 0.1741665080189705
reflesher, 0.5682402998209, 0.09644726663827896
reflexologist, 0.6930056214332581, 0.10289789456874132
refueler, 0.4375071423128247, 0.06755962502211332
regrader, 0.6997293084859848, 0.07781019248068333
regrinder, 0.5483423881232738, 0.08385601732879877
regroover, 0.2877191744046286, 0.0856070351874223
rehabilitator, 0.5245956927537918, 0.24678756296634674
rehanger, 0.3977530347183347, 0.07461951579898596
reheater, 0.4257314523856621, 0.05093432938156184
reinforcer, 0.32379073090851307, 0.1442199358716607
reinspector, 0.5595492348074913, 0.13372244499623775
rejector, 0.5071683786809444, 0.18980589881539345
rejogger, 0.6112154796719551, 0.11834599636495113
rejoiner, 0.5349040776491165, 0.07614456256851554
relaster, 0.593900166451931, 0.13164341636002064
reliner, 0.37816713750362396, 0.12640359811484814
remelter, 0.6267321854829788, 0.09152868017554283
remodeler, 0.3812119197100401, 0.2149868980050087
renderer, 0.6225469261407852, 0.13017466850578785
repacker, 0.4857987277209759, 0.12762713618576527
repairer, 0.6643254160881042, 0.0732468101195991
repatcher, 0.5962526425719261, 0.10921983793377876
replacer, 0.47673458606004715, 0.15838966146111488
replanter, 0.4530339911580086, 0.1262248819693923
replenisher, 0.5403017811477184, 0.10456359758973122
reporter, 0.4451159294694662, 0.26601896062493324
repossessor, 0.5843336172401905, 0.06761194858700037
representative, 0.7098288983106613, 0.09449667949229479
reproducer, 0.522544402629137, 0.17292645201086998
resawyer, 0.7304270043969154, 0.10828260518610477
researcher, 0.5549347437918186, 0.23112258687615395
reservationist, 0.6345986276865005, 0.10665426030755043
responder, 0.40494804829359055, 0.24175354838371277
respooler, 0.6421827748417854, 0.1429256796836853
retanner, 0.5560496710240841, 0.14289860799908638
retoucher, 0.5521560311317444, 0.12743149232119322
retreader, 0.6085605248808861, 0.10044746939092875
retrimmer, 0.40695758163928986, 0.1370470467954874
returner, 0.6464417353272438, 0.11653781682252884
reverser, 0.507392942905426, 0.10824281349778175
reweaver, 0.39405959099531174, 0.17304798401892185
rewinder, 0.37610786966979504, 0.0950411818921566
reworker, 0.5231570675969124, 0.1770816594362259
rewriter, 0.5679991729557514, 0.11685299687087536
rheologist, 0.7078001573681831, 0.07093390822410583
rheumatologist, 0.8125735521316528, 0.048336670733988285
rhinologist, 0.8356275856494904, 0.05617219489067793
ribber, 0.6228672415018082, 0.07341907918453217
rigger, 0.7680700868368149, 0.03249781718477607
rinkman, 0.8385149091482162, 0.02217840973753482
rippler, 0.451959777623415, 0.18206296861171722
ripsawyer, 0.5915626659989357, 0.1171885747462511
riveter, 0.5914641097187996, 0.1442643217742443
roadmaster, 0.8801508992910385, 0.011534206685610116
roasterman, 0.42521756375208497, 0.07565237605012953
roastmaster, 0.6720294058322906, 0.042027529794722795
rodbuster, 0.6264482885599136, 0.09249681606888771
roentgenologist, 0.7216611355543137, 0.08781055267900229
roguer, 0.5600428357720375, 0.12444119341671467
rolfer, 0.645807720720768, 0.122353027574718
roller, 0.4669336508959532, 0.19703971967101097
roofer, 0.5498898439109325, 0.16148439794778824
ropeman, 0.7669558972120285, 0.014862388605251908
rotoprinter, 0.44997782353311777, 0.04309352207928896
roughener, 0.44287697970867157, 0.12983224168419838
roundsman, 0.8254412859678268, 0.020768814021721482
roustabout, 0.5183666758239269, 0.09354837611317635
routeman, 0.7775399535894394, 0.0290884223068133
ruffler, 0.48000599443912506, 0.12403134442865849
rumper, 0.5186158791184425, 0.14553556218743324
safemaker, 0.3072274848818779, 0.23934681713581085
sailmaker, 0.7628493905067444, 0.08391983946785331
sailor, 0.7481858059763908, 0.026342466240748763
salesperson, 0.349674578756094, 0.4704948663711548
saloonkeeper, 0.7667892724275589, 0.03052715747617185
salvager, 0.6267358288168907, 0.07499683182686567
salvationist, 0.6602666079998016, 0.07755482010543346
sanforizer, 0.5840813014656305, 0.04870119923725724
sanitarian, 0.46459659561514854, 0.1958898976445198
sanitizer, 0.47370776534080505, 0.12029157392680645
sanitor, 0.4822087250649929, 0.20438821241259575
saturator, 0.43718303088098764, 0.062108136247843504
sawsmith, 0.6030691787600517, 0.03438970586284995
scabbler, 0.5189181342720985, 0.07792019285261631
scaffolder, 0.5161035009659827, 0.057050757110118866
scalder, 0.6519992277026176, 0.07648084778338671
scalemaker, 0.43183622136712074, 0.24898548796772957
scaleman, 0.648451566696167, 0.037325223442167044
scaler, 0.4860103577375412, 0.13654101267457008
scalloper, 0.6625305637717247, 0.07813250133767724
scarfer, 0.4928906112909317, 0.16211465746164322
scarrer, 0.44577114656567574, 0.13405536860227585
scheduler, 0.5911626815795898, 0.14674061723053455
scientist, 0.607542872428894, 0.11663364339619875
scientologist, 0.7168255522847176, 0.07097483752295375
scooper, 0.4883759953081608, 0.17962846904993057
scorekeeper, 0.652738019824028, 0.09318694192916155
scourer, 0.6721209585666656, 0.09714290779083967
scout, 0.5699117109179497, 0.11115803197026253
scouts, 0.5315631963312626, 0.14218635484576225
scowman, 0.6800872161984444, 0.028464458417147398
scrapper, 0.47135813906788826, 0.18485518544912338
scratcher, 0.3775435294955969, 0.11631294433027506
screedman, 0.4122593952342868, 0.03704729629680514
scrummaster, 0.8441631346940994, 0.004205446457490325
seaman, 0.8625683784484863, 0.007142279006075114
seamer, 0.5469921305775642, 0.15317393653094769
seasoner, 0.6238284967839718, 0.10777562856674194
secretary, 0.30347450263798237, 0.5163739770650864
sectionizer, 0.7186458557844162, 0.09885391872376204
secy, 0.42865039221942425, 0.14835162460803986
sedimentationist, 0.7578474283218384, 0.09805608727037907
segregator, 0.5948625728487968, 0.14219360426068306
seismographer, 0.7758909091353416, 0.05680057406425476
sensitizer, 0.5125700235366821, 0.20534172654151917
sensitometrist, 0.6196313202381134, 0.1191945318132639
serger, 0.666445329785347, 0.10320310667157173
sericulturist, 0.7210462093353271, 0.07890855148434639
serologist, 0.7256923541426659, 0.06203199829906225
server, 0.35131990537047386, 0.26215188205242157
servicer, 0.7004526704549789, 0.09699733089655638
sewer, 0.4336238495307043, 0.029067437950288877
sexer, 0.4672773852944374, 0.1922324039041996
sexologist, 0.5142487213015556, 0.21927048824727535
shackler, 0.5953448936343193, 0.12225963547825813
shactor, 0.5707609429955482, 0.12458581011742353
shagger, 0.6719213202595711, 0.04280467121861875
shampooer, 0.5063542313873768, 0.14689709059894085
sharebroker, 0.8478448241949081, 0.015992607921361923
shareholder, 0.7502508759498596, 0.08706119284033775
sharemilker, 0.5877274125814438, 0.12613620236516
sheather, 0.3750885045155883, 0.11606061714701355
shellacker, 0.49939899146556854, 0.17292124778032303
shelver, 0.15518251806497574, 0.5282118245959282
sheriff, 0.7801285684108734, 0.01542297366540879
sheriffs, 0.5727151986211538, 0.039418180705979466
shiftman, 0.771599754691124, 0.03570135496556759
shingler, 0.625898964703083, 0.06844416027888656
shipfitter, 0.5613181442022324, 0.17584215849637985
shipmaster, 0.9054165035486221, 0.006984356325119734
shipper, 0.6083549037575722, 0.12123432196676731
shipsmith, 0.7300649508833885, 0.0449683559127152
shipwright, 0.7689613997936249, 0.030234328005462885
shirrer, 0.5290710963308811, 0.11000895872712135
shochet, 0.5501698069274426, 0.08480408042669296
shoeblack, 0.47988932952284813, 0.08390922471880913
shoer, 0.614801324903965, 0.09936641715466976
shoeshiner, 0.5701685324311256, 0.11322064232081175
shopfitter, 0.48328257724642754, 0.21931757777929306
shopper, 0.33626549504697323, 0.3361421786248684
shorer, 0.514526505023241, 0.16766516119241714
shotblaster, 0.6495458409190178, 0.06309198681265116
shoveler, 0.641833707690239, 0.05400103749707341
shrimper, 0.6059180721640587, 0.0951018650084734
shrinker, 0.3815915547311306, 0.24770620837807655
shroudman, 0.756518229842186, 0.018403030233457685
shucker, 0.6064323484897614, 0.06951476540416479
shuttler, 0.44953567534685135, 0.10633793286979198
sidehand, 0.44138916302472353, 0.06831963872537017
sider, 0.4248567819595337, 0.129622558131814
siderographer, 0.6022193804383278, 0.16534673981368542
siderographist, 0.7904497981071472, 0.07921573705971241
sighter, 0.5136427283287048, 0.16493958607316017
signaler, 0.7852300256490707, 0.07209078641608357
signalman, 0.8794149309396744, 0.008359536528587341
signwriter, 0.636660173535347, 0.11489992961287498
silicator, 0.48691238556057215, 0.03532592300325632
silverer, 0.5345783345401287, 0.11638168059289455
silviculturist, 0.7655709385871887, 0.10763268452137709
simonizer, 0.6450115069746971, 0.07910430012270808
siphoner, 0.4151367899030447, 0.1220222506672144
skatesman, 0.5427847802639008, 0.18686579540371895
skeiner, 0.7576777637004852, 0.06537072360515594
sketcher, 0.5251592881977558, 0.15255632065236568
skiagrapher, 0.7032520174980164, 0.13996965996921062
skidder, 0.6623777896165848, 0.07596734445542097
skimmer, 0.18874536827206612, 0.3207104131579399
slabber, 0.6282202452421188, 0.06615681201219559
slackman, 0.8098292946815491, 0.014221444493159652
slagger, 0.44218981452286243, 0.06418077053967863
slasher, 0.4684160649776459, 0.14660240150988102
sledger, 0.6808120533823967, 0.0381619076943025
sleever, 0.49425516463816166, 0.07639477727934718
slimer, 0.46677440777421, 0.17309235781431198
slipman, 0.5467056725174189, 0.03196012647822499
smasher, 0.6435175016522408, 0.10086972266435623
smearer, 0.4305418133735657, 0.16761156916618347
smeller, 0.49772629886865616, 0.15838689729571342
smocker, 0.6415522992610931, 0.056273568887263536
smudger, 0.5124831795692444, 0.07778394967317581
smutter, 0.33266614517197013, 0.11131361639127135
snagger, 0.6238191053271294, 0.05817363224923611
snailer, 0.5074776187539101, 0.18280413374304771
snaker, 0.6170477196574211, 0.08802547957748175
snipper, 0.5160752609372139, 0.12600651197135448
snowboarder, 0.5987171232700348, 0.12150874547660351
snowmaker, 0.2909726817160845, 0.40931788831949234
snubber, 0.47950395196676254, 0.18459518253803253
soaker, 0.5450283102691174, 0.11704901792109013
soapstoner, 0.40357526764273643, 0.21431980840861797
sodder, 0.42111648991703987, 0.18448763340711594
solderer, 0.7589084506034851, 0.058972219936549664
sommelier, 0.8067849576473236, 0.040357476100325584
sonographer, 0.6043780483305454, 0.07937886798754334
soubrette, 0.09338748268783092, 0.5776381380856037
sourcer, 0.5201770886778831, 0.1449433360248804
spanisher, 0.5892196968197823, 0.1725567802786827
sparmaker, 0.7495690733194351, 0.0680097034201026
spearer, 0.6904726251959801, 0.05974572151899338
specialist, 0.4948742538690567, 0.2406078465282917
spectrographer, 0.6655207797884941, 0.11080902628600597
spectroscopist, 0.7217760309576988, 0.08991331979632378
spooler, 0.519397433847189, 0.07444309629499912
sportspersons, 0.6305185854434967, 0.0748955081216991
spotter, 0.46431390196084976, 0.15384097956120968
spouter, 0.5518113449215889, 0.10186285525560379
spragger, 0.6098861545324326, 0.07917093578726053
spreader, 0.5340827628970146, 0.09939328953623772
sprigger, 0.5240383967757225, 0.09380959160625935
spudder, 0.5776019170880318, 0.06528120208531618
squilgeer, 0.5276167616248131, 0.1422957442700863
stabber, 0.6126954033970833, 0.07599507551640272
stablehand, 0.851040706038475, 0.014020463568158448
stacker, 0.4789106734097004, 0.12835475243628025
starchmaker, 0.40344808250665665, 0.34496287256479263
statistician, 0.690187357366085, 0.07385089434683323
steamblaster, 0.518345320597291, 0.043601713608950377
steamfitter, 0.4538760781288147, 0.16170362941920757
steeler, 0.5911961086094379, 0.10421294718980789
steelworker, 0.7753391861915588, 0.02399832010269165
steerer, 0.7278718501329422, 0.059482541400939226
steersman, 0.8180178105831146, 0.015953634574543685
stenciler, 0.5609635077416897, 0.14388133399188519
stenocaptioner, 0.6501310989260674, 0.13619997166097164
stenotypist, 0.5797812566161156, 0.22107742354273796
stereoptician, 0.5945823714137077, 0.14999056234955788
stereotyper, 0.545290932059288, 0.17087144032120705
sternman, 0.7726046293973923, 0.02499889791943133
stippler, 0.6278418377041817, 0.0853552371263504
stockbroker, 0.860504686832428, 0.007824050611816347
stockholder, 0.6991169974207878, 0.07450772542506456
stockkeeper, 0.7420632392168045, 0.047732165083289146
stocklayer, 0.8343124538660049, 0.04777755378745496
stonecutter, 0.7096053212881088, 0.03745966637507081
stonehand, 0.7102579921483994, 0.03390118945389986
stonemason, 0.7512513846158981, 0.01936869724886492
stoneworker, 0.7485330924391747, 0.037805414060130715
stoper, 0.4132930301129818, 0.1396732684224844
storeperson, 0.6683796867728233, 0.1238424638286233
straightener, 0.3535132333636284, 0.27071966230869293
stranner, 0.6527025178074837, 0.07631194591522217
strapper, 0.25754261296242476, 0.33355245739221573
stratigrapher, 0.7086153477430344, 0.12076023872941732
striper, 0.5706161558628082, 0.11276707984507084
structurer, 0.5533058419823647, 0.13055597804486752
stubber, 0.5473317056894302, 0.09755873307585716
student, 0.4895584210753441, 0.21758546866476536
stuffer, 0.41034669056534767, 0.19542251154780388
stunner, 0.5523343086242676, 0.1310564400628209
stuntman, 0.8520610481500626, 0.007699327659793198
subassembler, 0.5803706124424934, 0.12011050060391426
subeditor, 0.4488361328840256, 0.23000643774867058
subsorter, 0.42537527065724134, 0.051635070238262415
superintendent, 0.7930744290351868, 0.06176917860284448
supervisor, 0.5029967203736305, 0.23654763400554657
surfacer, 0.5178662426769733, 0.14578530192375183
surgeon, 0.7191964909434319, 0.043443307280540466
surveyor, 0.72543004155159, 0.05066418624483049
swabber, 0.49128544330596924, 0.10390585288405418
swamper, 0.6554497182369232, 0.09726085420697927
swatcher, 0.5017138570547104, 0.07638339884579182
swedger, 0.694586418569088, 0.04545160848647356
swimmer, 0.4765556827187538, 0.3466339111328125
switcher, 0.5942158550024033, 0.1286104917526245
switchman, 0.7994109243154526, 0.018393167876638472
synchronizer, 0.26243689469993114, 0.06278753618244082
syruper, 0.6017132215201855, 0.10632126033306122
tabber, 0.6275827661156654, 0.1028279229067266
tableman, 0.6966914981603622, 0.035476105054840446
tagman, 0.7465110421180725, 0.01473306945990771
tailercpa, 0.5407921224832535, 0.17053304053843021
tailman, 0.6658881306648254, 0.021955386037006974
talcer, 0.5303839147090912, 0.11157319508492947
tallier, 0.4361000061035156, 0.10838231863453984
tankerman, 0.8051306456327438, 0.017049949849024415
tankman, 0.8797514736652374, 0.00934012170182541
tapeman, 0.55498216021806, 0.02489405171945691
targeteer, 0.5254285782575607, 0.1882053129374981
tarper, 0.4614701680839062, 0.08959436416625977
tattooer, 0.5276861861348152, 0.12493729777634144
tawer, 0.37082104943692684, 0.061297052539885044
taxonomist, 0.7185782492160797, 0.09402170870453119
teacher, 0.46210672706365585, 0.2689129002392292
tearer, 0.42334799841046333, 0.23942278698086739
teaseler, 0.5315635949373245, 0.1845308654010296
technician, 0.5841781422495842, 0.15687653794884682
tectonophysicist, 0.774432048201561, 0.0510505442507565
telecommunicator, 0.6987802535295486, 0.13352691382169724
telemarketer, 0.6953245475888252, 0.12748691625893116
telepathist, 0.465476106852293, 0.2658080868422985
telephoner, 0.6161862090229988, 0.12054195441305637
teleprinter, 0.3485334971919656, 0.11597833037376404
teleradiologist, 0.8241011947393417, 0.069782305508852
teletypesetter, 0.5518491491675377, 0.17300722748041153
teletypist, 0.5182082056999207, 0.20377745106816292
teller, 0.434287715703249, 0.2946990169584751
temperer, 0.6213268637657166, 0.09743612166494131
tenter, 0.4419223702279851, 0.0448281824355945
tenterer, 0.6642736867070198, 0.06981417397037148
tentmaker, 0.4448020737618208, 0.1327386572957039
terminologist, 0.7202798798680305, 0.09019634779542685
therapist, 0.23349694442003965, 0.41563913226127625
thermodynamicist, 0.7543078660964966, 0.04267324600368738
threader, 0.43965792283415794, 0.19199691340327263
ticketer, 0.6934407874941826, 0.15449758432805538
tightener, 0.5311729945242405, 0.14665548503398895
tiler, 0.6078029125928879, 0.10291880555450916
tilesetter, 0.6077362224459648, 0.1872897483408451
timekeeper, 0.510575670748949, 0.17195291817188263
titrator, 0.5621523261070251, 0.10366282984614372
toggler, 0.39770739525556564, 0.1537739746272564
tonger, 0.6579834893345833, 0.10683760046958923
tongsman, 0.7511593326926231, 0.04622407164424658
tonguer, 0.48626627400517464, 0.15946366637945175
tooler, 0.6429225131869316, 0.08387097716331482
toolmaker, 0.6095649898052216, 0.12287111021578312
toolman, 0.7688168287277222, 0.016491562710143626
toolsmith, 0.6619449779391289, 0.10566603392362595
tosser, 0.5122286081314087, 0.15130921080708504
toter, 0.5440970733761787, 0.12414797395467758
towerman, 0.8122315406799316, 0.024298727978020906
toxicologist, 0.7282439842820168, 0.07493334915488958
trackman, 0.8289504647254944, 0.017717944458127022
trackwalker, 0.6454493924975395, 0.11538779083639383
trader, 0.6361851170659065, 0.1027073236182332
trainer, 0.6276156455278397, 0.1070470567792654
trainman, 0.8371227234601974, 0.01687954255612567
trainmaster, 0.9311021119356155, 0.006825711869169027
transcriber, 0.5531744807958603, 0.11739947460591793
transcripter, 0.5152687840163708, 0.20074240490794182
transcription, 0.3792584778275341, 0.09728489839471877
transcriptionist, 0.6675841882824898, 0.15995842590928078
transferrer, 0.6070019155740738, 0.10190717875957489
translator, 0.4548986852169037, 0.26605424284935
transliterator, 0.7660876885056496, 0.06205622269771993
transplanter, 0.6591476947069168, 0.15521630086004734
trashman, 0.649818554520607, 0.03560810349881649
treasurer, 0.7525676637887955, 0.09232885390520096
treater, 0.545591339468956, 0.1896584816277027
treer, 0.5250039994716644, 0.13952443934977055
trestleman, 0.7820261865854263, 0.017042331746779382
trichologist, 0.7506020218133926, 0.08150670770555735
tripoler, 0.4715094305574894, 0.06531421467661858
tripper, 0.4051857702434063, 0.2419670857489109
tromper, 0.6232341974973679, 0.0774938054382801
trucker, 0.6738671213388443, 0.03950983751565218
truckman, 0.8082619160413742, 0.008880288107320666
trucksmith, 0.6509500741958618, 0.09629487805068493
tuckpointer, 0.42650192975997925, 0.12513475865125656
tufter, 0.6053244918584824, 0.10542353242635727
tunneller, 0.7246005833148956, 0.058369406731799245
turpentiner, 0.5872664265334606, 0.12392405793070793
tutor, 0.46870357543230057, 0.2117369119077921
twisthand, 0.5584192723035812, 0.0832035169005394
typer, 0.5208936370909214, 0.14504224061965942
typist, 0.5901687517762184, 0.12806802615523338
ultrasonographer, 0.6568846851587296, 0.09842461254447699
unbundler, 0.5447963448241353, 0.05274924193508923
uncrater, 0.639141708612442, 0.08628907334059477
underbaster, 0.37543498165905476, 0.14998704940080643
undercoater, 0.5722611658275127, 0.05742011917755008
undercutter, 0.7344444692134857, 0.05454725865274668
underliner, 0.42299283063039184, 0.11824837606400251
underwriter, 0.6934762746095657, 0.08062585815787315
unhairer, 0.507467046380043, 0.1752316765487194
uniformer, 0.643792450428009, 0.10713015496730804
unitizer, 0.557699017226696, 0.16033752635121346
unloader, 0.5742979496717453, 0.10463038831949234
unscrambler, 0.4978222884237766, 0.08950638864189386
unstacker, 0.4793720282614231, 0.1028016097843647
upfitter, 0.4459381029009819, 0.24239933490753174
upsetter, 0.5168972164392471, 0.17271729186177254
urogynaecologist, 0.7786876708269119, 0.06920626200735569
urologist, 0.6612737104296684, 0.09465374797582626
vaccinator, 0.5642717331647873, 0.18634329363703728
valet, 0.684113472700119, 0.03935774741694331
valuer, 0.5012627840042114, 0.17283144034445286
valver, 0.6551619693636894, 0.06470694113522768
vamper, 0.4186626859009266, 0.15809547528624535
varitypist, 0.5645665675401688, 0.20029884204268456
varnisher, 0.7620071396231651, 0.03157567698508501
vender, 0.38849068246781826, 0.1303271073848009
vendette, 0.08084831666201353, 0.3966084457933903
venipuncturist, 0.7751695439219475, 0.04548875568434596
verifier, 0.5177902579307556, 0.15756607800722122
veterinarian, 0.6249289065599442, 0.1443463023751974
videographer, 0.45676296949386597, 0.32258041203022003
vineyardist, 0.5664676949381828, 0.16555796936154366
virologist, 0.619435116648674, 0.17011754028499126
visualizer, 0.5805505216121674, 0.10566642321646214
viticulturist, 0.695137195289135, 0.09945874102413654
voicer, 0.31921977852471173, 0.16513610072433949
volcanologist, 0.8136481791734695, 0.0570729854516685
vulcanizer, 0.473903956823051, 0.030149552505463362
waiter, 0.5740086734294891, 0.10078531038016081
waitress, 0.00991673965472728, 0.75938331335783
waitstaff, 0.36388837825506926, 0.10141854221001267
wallpaperer, 0.542895320802927, 0.1567653100937605
wardsperson, 0.5870562046766281, 0.18457432091236115
waredresser, 0.27021198719739914, 0.4759718254208565
warehouseman, 0.8281290531158447, 0.009535805671475828
warehouser, 0.6286747828125954, 0.06435262877494097
warpman, 0.7665159106254578, 0.02683327905833721
watchguard, 0.6531953364610672, 0.09987585246562958
watchstander, 0.5632916316390038, 0.12365096248686314
watermaster, 0.8732284605503082, 0.018369804602116346
waterproofer, 0.34862689580768347, 0.13937171176075935
waxer, 0.5535203851759434, 0.13022809103131294
weathercaster, 0.41704945638775826, 0.32822681218385696
webmaster, 0.6264924854040146, 0.2106923758983612
wedger, 0.47109856456518173, 0.12181881442666054
weeder, 0.6291902810335159, 0.07967439666390419
weighmaster, 0.8757017403841019, 0.018727876129560173
weighter, 0.5126784853637218, 0.1739015318453312
welder, 0.6554688513278961, 0.04806890734471381
wharfmaster, 0.8743420392274857, 0.009621441480703652
wheelman, 0.7592082321643829, 0.019807026139460504
whipper, 0.5520221292972565, 0.1411614678800106
whitesmith, 0.6193374693393707, 0.06112361419945955
whitewasher, 0.5276273190975189, 0.19039806723594666
whizzer, 0.5079994052648544, 0.10229213163256645
wholesaler, 0.715241089463234, 0.04128217697143555
willower, 0.5208008959889412, 0.18005554005503654
wincher, 0.5190199464559555, 0.09039631113409996
winderman, 0.5488886199891567, 0.0861338572576642
windlasser, 0.6751744896173477, 0.09654420334845781
windsmith, 0.5243025496602058, 0.1920054778456688
winemaker, 0.5003879219293594, 0.23096810095012188
winterizer, 0.46476014517247677, 0.0767678297124803
wirer, 0.5966626852750778, 0.09391962271183729
wireworker, 0.801729142665863, 0.0417209742590785
woodworker, 0.7578636854887009, 0.056778638157993555
worker, 0.46525828167796135, 0.22532423958182335
wrister, 0.437141016125679, 0.17586468160152435
writer, 0.6228205300867558, 0.1329351495951414
yarder, 0.674020417034626, 0.06959352921694517
yardmaster, 0.8567358702421188, 0.012880058377049863
yoker, 0.6328845769166946, 0.04236513376235962
youtuber, 0.5257959961891174, 0.28243743628263474
zanjero, 0.723636120557785, 0.056774966418743134
zigzagger, 0.4656577296555042, 0.07059292681515217
zoogler, 0.5774593129754066, 0.1388730239123106
zookeeper, 0.6516197398304939, 0.14246516581624746
