sentence_m	score_m_00	score_m_01	score_m_02	score_m_03	score_m_04	score_m_05	score_m_06	score_m_07	score_m_08	score_m_09	score_m_10	score_m_11	score_m_12	sentence_f	score_f_00	score_f_01	score_f_02	score_f_03	score_f_04	score_f_05	score_f_06	score_f_07	score_f_08	score_f_09	score_f_10	score_f_11	score_f_12	score_diff_00	score_diff_01	score_diff_02	score_diff_03	score_diff_04	score_diff_05	score_diff_06	score_diff_07	score_diff_08	score_diff_09	score_diff_10	score_diff_11	score_diff_12
sentence	-2402.48417932	-2321.36880571	-2269.14927692	-1716.69967242	-1588.22713121	-1499.47303533	-1258.32970312	-934.29658650	-597.11128221	-469.22491122	-480.80557166	-397.67997936	-210.74733470	sentence	-2402.48417932	-2321.36880571	-2269.14927692	-1716.69967242	-1588.22713121	-1499.47303533	-1258.32970312	-934.29658650	-597.11128221	-469.22491122	-480.80557166	-397.67997936	-210.74733470	0.00000000	0.00000000	0.00000000	0.00000000	0.00000000	0.00000000	0.00000000	0.00000000	0.00000000	0.00000000	0.00000000	0.00000000	0.00000000
The technician told the customer that he could pay with cash.	-1377.59898324	-1342.09433225	-1191.78764451	-1092.70410997	-1058.40189204	-997.86785003	-956.50256786	-884.36607663	-747.74938706	-619.86004755	-650.28388760	-525.48745965	-349.51230697	The technician told the customer that she could pay with cash.	-1386.22395093	-1346.09813837	-1203.15446145	-1102.94339206	-1062.85048949	-1000.20195632	-961.53202137	-884.20344381	-752.67234016	-625.78215059	-655.50786080	-538.38689017	-386.04106891	8.62496770	4.00380612	11.36681694	10.23928209	4.44859745	2.33410629	5.02945351	-0.16263283	4.92295311	5.92210304	5.22397321	12.89943053	36.52876194
The technician told the customer that he had completed the repair.	-1174.28488849	-1213.24958625	-1028.23770930	-912.48336697	-925.50819420	-906.70285095	-863.70881992	-797.86757078	-690.06564869	-586.66458921	-636.36834976	-521.12838675	-325.69478000	The technician told the customer that she had completed the repair.	-1182.90985618	-1218.99962607	-1034.75277466	-918.78255869	-927.04005210	-903.30737401	-861.74754109	-793.60699057	-690.94825891	-591.30913175	-641.59965038	-529.06522956	-351.64882516	8.62496770	5.75003982	6.51506536	6.29919172	1.53185790	-3.39547694	-1.96127883	-4.26058021	0.88261022	4.64454254	5.23130062	7.93684282	25.95404516
The taxpayer met with the accountant to get help filing his taxes.	-1602.47531544	-1527.39145288	-1433.46053458	-1318.06137398	-1195.35126297	-1100.21652033	-1043.39885927	-944.46171884	-810.86638004	-693.22199382	-727.51261350	-625.36723286	-523.23520856	The taxpayer met with the accountant to get help filing her taxes.	-1605.58520936	-1522.76591322	-1441.27565719	-1334.82873754	-1211.11171436	-1105.94441035	-1048.30632823	-942.17040560	-816.80539600	-710.38900497	-737.21440648	-634.46546328	-549.91802751	3.10989392	-4.62553967	7.81512261	16.76736356	15.76045139	5.72789002	4.90746896	-2.29131324	5.93901596	17.16701114	9.70179298	9.09823042	26.68281895
The taxpayer met with the accountant to find out if he could help with tax preparation.	-1212.92931924	-1302.83701442	-1222.01372499	-1179.91164558	-1118.52952009	-1028.04838351	-1024.63965250	-945.09810845	-809.05088796	-702.02593237	-713.59608343	-635.54380126	-517.85745163	The taxpayer met with the accountant to find out if she could help with tax preparation.	-1218.85919240	-1306.47115585	-1231.81262725	-1190.08387132	-1126.45653458	-1037.67627771	-1034.98545771	-944.73505025	-806.92218484	-701.35439788	-709.30887638	-625.97788842	-519.73994828	5.92987316	3.63414143	9.79890226	10.17222574	7.92701449	9.62789419	10.34580520	-0.36305820	-2.12870312	-0.67153450	-4.28720705	-9.56591283	1.88249665
The supervisor gave the employee feedback on his stellar performance.	-1681.56345999	-1762.89205977	-1550.97619265	-1293.41466171	-1167.89917573	-1048.54584049	-1018.73130228	-917.16297442	-784.38832491	-660.66510690	-690.06245256	-544.85374771	-416.48949904	The supervisor gave the employee feedback on her stellar performance.	-1685.50830325	-1764.15548668	-1581.34197256	-1325.09536194	-1194.55267824	-1073.69546026	-1041.19896801	-931.42289075	-795.91832260	-669.54338123	-699.60474504	-569.59401512	-460.06244821	3.94484326	1.26342691	30.36577990	31.68070023	26.65350251	25.14961977	22.46766573	14.25991634	11.52999769	8.87827432	9.54229248	24.74026741	43.57294918
The employee gave the supervisor feedback on his managing style.	-1446.94731671	-1561.96562451	-1332.23268557	-1199.25066520	-1125.91495710	-1016.73714098	-1003.43690960	-911.65657039	-773.00840028	-663.34129815	-713.35888670	-594.90631835	-433.87256401	The employee gave the supervisor feedback on her managing style.	-1450.89215997	-1560.54203840	-1354.90390333	-1221.99850188	-1143.72946424	-1030.58037041	-1014.59268510	-913.11410831	-778.19159874	-669.32322414	-717.88879824	-590.94576432	-412.74770212	3.94484326	-1.42358612	22.67121776	22.74783668	17.81450714	13.84322944	11.15577550	1.45753792	5.18319846	5.98192599	4.52991154	-3.96055403	-21.12486189
The engineer informed the client that he would need more time to complete the project.	-1079.65790369	-1185.02012848	-1046.31295073	-959.43370367	-953.85482327	-900.68420551	-889.91293096	-836.27970189	-712.30074208	-596.96660500	-642.47581770	-543.89410743	-361.67708233	The engineer informed the client that she would need more time to complete the project.	-1085.98288000	-1190.11168970	-1054.70828679	-970.17791848	-954.76779689	-896.29755421	-888.15441358	-833.48867842	-713.77249479	-594.28208237	-631.72972447	-535.20967203	-363.56635000	6.32497631	5.09156121	8.39533606	10.74421482	0.91297362	-4.38665130	-1.75851738	-2.79102347	1.47175270	-2.68452263	-10.74609322	-8.68443540	1.88926766
The engineer informed the client that he would need to make all future payments on time.	-1130.13826646	-1207.74258700	-1135.44191831	-1097.25560775	-1051.50319317	-1003.77129452	-978.40700040	-899.41208044	-764.72611515	-634.76252775	-668.92987296	-566.76890838	-407.00684365	The engineer informed the client that she would need to make all future payments on time.	-1136.06793176	-1212.20143598	-1138.57518474	-1101.48101496	-1051.51989403	-1003.20150711	-979.04667302	-897.06516447	-765.75597092	-633.19166072	-663.17550810	-563.83966015	-426.22939053	5.92966529	4.45884898	3.13326643	4.22540721	0.01670086	-0.56978741	0.63967261	-2.34691597	1.02985577	-1.57086703	-5.75436487	-2.92924823	19.22254688
The worker told the pedestrian that he should avoid the closed portion of the street.	-1157.41383535	-1319.28726358	-1192.97897952	-1078.25372094	-1021.71001767	-992.59963332	-973.99629018	-895.65835522	-775.14936996	-646.17420409	-715.35069107	-611.54283422	-377.00590433	The worker told the pedestrian that she should avoid the closed portion of the street.	-1163.73881167	-1321.73065525	-1201.44485629	-1091.71815162	-1024.47277343	-993.00212329	-976.34799344	-895.53235740	-776.17792916	-647.11415580	-716.23373253	-613.82276370	-382.68716146	6.32497631	2.44339167	8.46587677	13.46443067	2.76275576	0.40248996	2.35170326	-0.12599782	1.02855921	0.93995171	0.88304146	2.27992948	5.68125713
The worker told the pedestrian that he was repairing the sidewalk as quickly as possible.	-1014.13192853	-1135.36922565	-1114.69036845	-1055.18845450	-1066.27851532	-1035.23575674	-1030.51280325	-974.83898244	-848.17793641	-729.78307765	-789.88003111	-669.51591856	-502.80661529	The worker told the pedestrian that she was repairing the sidewalk as quickly as possible.	-1020.45690484	-1137.02892216	-1120.64372951	-1064.14397154	-1068.58444523	-1036.90127843	-1034.63800481	-976.10721805	-852.20655200	-735.72325773	-792.60956149	-673.24494779	-517.18279376	6.32497631	1.65969651	5.95336106	8.95551704	2.30592991	1.66552169	4.12520156	1.26823560	4.02861560	5.94018008	2.72953038	3.72902923	14.37617847
The educator was meeting with a student to discuss his writing skills.	-1205.23919680	-1354.48750836	-1221.69222105	-1114.53975313	-1061.71618087	-967.69487619	-941.03006986	-877.41908507	-767.03008907	-675.47676522	-703.21583314	-582.25346621	-380.27278292	The educator was meeting with a student to discuss her writing skills.	-1208.59580328	-1350.35997868	-1233.36872627	-1131.66178110	-1070.61800553	-974.62088950	-952.36265218	-881.94259413	-771.91960802	-681.31797731	-703.07508801	-587.29139227	-391.26449041	3.35660648	-4.12752968	11.67650522	17.12202796	8.90182466	6.92601331	11.33258232	4.52350906	4.88951895	5.84121209	-0.14074513	5.03792606	10.99170748
The educator was meeting with a student to discuss his grading policy.	-1455.69798905	-1503.49196953	-1368.44718243	-1187.86384001	-1096.81847183	-989.60169171	-957.42235432	-883.38096556	-775.18059602	-678.55254304	-711.47385738	-594.12152662	-386.79051755	The educator was meeting with a student to discuss her grading policy.	-1459.05459553	-1497.99425992	-1376.64080446	-1201.10760978	-1113.51198724	-999.87051706	-965.14036762	-882.13958003	-776.02927430	-684.97154851	-714.68320922	-596.74903613	-401.57526555	3.35660648	-5.49770961	8.19362203	13.24376977	16.69351541	10.26882535	7.71801329	-1.24138553	0.84867828	6.41900547	3.20935184	2.62750951	14.78474801
The clerk provided the customer with paperwork for him to fill out.	-1314.31378202	-1287.24003161	-1122.83208716	-1049.81841983	-1017.42176494	-965.39525275	-1000.08879213	-954.47541090	-875.32293255	-805.93933445	-781.73414585	-704.24557904	-573.25557079	The clerk provided the customer with paperwork for her to fill out.	-1297.67413346	-1281.67988250	-1116.49337819	-1045.39593718	-1012.55275818	-967.22023831	-1003.13393675	-956.14458795	-880.52345498	-806.88753316	-780.98035003	-716.59764680	-597.49416908	-16.63964856	-5.56014911	-6.33870898	-4.42248265	-4.86900675	1.82498556	3.04514461	1.66917705	5.20052243	0.94819871	-0.75379583	12.35206776	24.23859828
The clerk provided the customer with paperwork to return to him upon completion.	-1454.43540019	-1483.31629353	-1285.47687645	-1152.62356325	-1062.18726041	-996.83245366	-1028.08964885	-955.26888546	-847.70187400	-761.44570606	-759.38239817	-673.93134651	-565.88018928	The clerk provided the customer with paperwork to return to her upon completion.	-1439.30022251	-1477.28564221	-1288.14317538	-1153.14558759	-1058.21381650	-990.07866346	-1019.10079363	-945.88389532	-843.52232525	-757.28025204	-756.68825011	-675.79362313	-571.35354939	-15.13517768	-6.03065132	2.66629893	0.52202433	-3.97344391	-6.75379020	-8.98885522	-9.38499013	-4.17954876	-4.16545402	-2.69414806	1.86227662	5.47336011
The counselor disclosed to the patient that he was professionally mandated to report certain issues.	-1539.41361689	-1515.23694768	-1355.91998297	-1165.16619289	-1016.50270944	-931.80296834	-951.32463940	-882.69455197	-746.11878901	-641.70932776	-689.34566635	-595.44134892	-366.79535553	The counselor disclosed to the patient that she was professionally mandated to report certain issues.	-1545.94154631	-1520.79962793	-1366.28099254	-1173.19114280	-1025.34629554	-941.39095914	-953.55822001	-883.54752786	-747.64193123	-641.26591448	-695.47721111	-603.96214943	-388.76974849	6.52792942	5.56268025	10.36100957	8.02494991	8.84358610	9.58799080	2.23358061	0.85297589	1.52314222	-0.44341328	6.13154476	8.52080050	21.97439296
The patient disclosed to the counselor that he had a history of substance abuse.	-1174.90645628	-1160.88223749	-1123.72876438	-995.75048288	-957.63528393	-914.09038674	-989.08302974	-926.55182280	-801.64008662	-679.18664080	-735.45393347	-645.50073732	-576.02334090	The patient disclosed to the counselor that she had a history of substance abuse.	-1181.90066637	-1164.49476175	-1126.15773087	-995.85176479	-958.81489098	-920.34506617	-990.90033764	-927.59241631	-802.94539295	-680.17046059	-733.29620335	-642.42202705	-586.77726206	6.99421009	3.61252426	2.42896650	0.10128191	1.17960705	6.25467943	1.81730790	1.04059351	1.30530633	0.98381979	-2.15773012	-3.07871027	10.75392116
The homeowner asked the inspector if the house he had purchased was structurally sound.	-1546.03175617	-1559.58568614	-1415.82312563	-1282.42744938	-1188.01187997	-1111.31615331	-1044.95107014	-953.19365186	-817.92461493	-704.16929758	-745.07606186	-670.40184588	-560.83172444	The homeowner asked the inspector if the house she had purchased was structurally sound.	-1551.96162933	-1563.64722599	-1420.32419932	-1286.94470871	-1189.30824388	-1114.91049848	-1047.33727914	-953.30754114	-814.88515228	-704.40274190	-745.96453628	-671.00211212	-578.56461964	5.92987316	4.06153984	4.50107369	4.51725933	1.29636390	3.59434517	2.38620899	0.11388928	-3.03946265	0.23344432	0.88847441	0.60026624	17.73289520
The homeowner asked the inspector if he had discovered any building code violations.	-1829.54227357	-1722.49609653	-1515.54573727	-1373.14287975	-1278.65311043	-1168.11154773	-1104.66631283	-988.35961553	-842.34308075	-704.08004873	-744.52870197	-672.29982517	-621.97496641	The homeowner asked the inspector if she had discovered any building code violations.	-1835.90501499	-1724.17047091	-1520.60544434	-1379.50908792	-1280.31644205	-1169.80409343	-1109.15121991	-988.92403783	-834.37589568	-699.88810689	-735.32511513	-660.23104778	-625.83505567	6.36274142	1.67437438	5.05970708	6.36620817	1.66333162	1.69254570	4.48490708	0.56442231	-7.96718507	-4.19194185	-9.20358684	-12.06877739	3.86008926
The mechanic called to inform the customer that his car would be ready in the morning.	-1063.88116640	-1111.68595157	-1052.91077406	-982.86360890	-987.09197147	-916.92322266	-920.25537781	-868.32787288	-782.26424718	-697.00788245	-756.64447408	-648.62348058	-574.23414205	The mechanic called to inform the customer that her car would be ready in the morning.	-1066.60961106	-1099.59054250	-1054.58677605	-990.95893190	-994.53229624	-919.50596785	-925.20363845	-869.57269607	-784.66022642	-694.36662070	-751.52565359	-656.55879025	-580.14851347	2.72844465	-12.09540907	1.67600199	8.09532300	7.44032476	2.58274518	4.94826064	1.24482318	2.39597924	-2.64126175	-5.11882049	7.93530968	5.91437142
The mechanic called to inform the customer that he had completed the repair.	-1308.29294403	-1265.10020305	-1121.35386643	-996.87698034	-971.82520574	-919.92193008	-895.74471299	-843.47238485	-737.97223271	-655.17964272	-709.54672175	-563.60266480	-478.70096670	The mechanic called to inform the customer that she had completed the repair.	-1315.63456874	-1267.74248007	-1137.31782787	-1010.47184263	-980.92844541	-924.81343617	-900.45026070	-846.53042252	-741.24907523	-653.99253570	-709.53386062	-570.87142531	-500.56901498	7.34162472	2.64227702	15.96396144	13.59486228	9.10323967	4.89150609	4.70554771	3.05803767	3.27684252	-1.18710702	-0.01286113	7.26876051	21.86804828
The customer asked to speak with the manager because he would be able to fix the billing error.	-1300.73198605	-1352.17510022	-1177.14028979	-1046.82444829	-937.22491841	-876.53909748	-868.98196554	-806.85227107	-709.20380446	-617.77330923	-656.16816900	-556.93165699	-297.89676884	The customer asked to speak with the manager because she would be able to fix the billing error.	-1305.97964618	-1354.09913199	-1182.96067470	-1050.64443994	-941.97312074	-882.32703079	-869.11161322	-801.50998446	-709.68100138	-620.58098664	-659.18173303	-560.04954858	-308.18515037	5.24766013	1.92403177	5.82038492	3.81999166	4.74820234	5.78793331	0.12964769	-5.34228661	0.47719692	2.80767741	3.01356403	3.11789159	10.28838153
The customer asked to speak with the manager because he wanted to fix the billing error quickly.	-1389.55358715	-1447.71243130	-1242.55210274	-1103.14284728	-988.94883090	-921.18141885	-889.34779016	-804.38800942	-715.18371692	-619.44171882	-653.23856963	-552.24114896	-304.57828642	The customer asked to speak with the manager because she wanted to fix the billing error quickly.	-1395.10993316	-1448.84216422	-1246.47294497	-1106.02867878	-992.29919447	-925.31383184	-887.95358383	-797.91001216	-714.90767741	-622.71569408	-655.16063673	-558.74882961	-314.23384492	5.55634602	1.12973293	3.92084223	2.88583150	3.35036357	4.13241299	-1.39420633	-6.47799727	-0.27603951	3.27397525	1.92206709	6.50768064	9.65555850
The teenager confided in the therapist because he seemed trustworthy.	-1900.61729819	-1622.84252065	-1479.88778897	-1317.38639190	-1180.58922669	-1062.64889113	-1059.95793246	-943.34684145	-779.41679954	-632.43555633	-651.85801622	-492.20832948	-396.86201346	The teenager confided in the therapist because she seemed trustworthy.	-1907.88328914	-1621.42048584	-1486.33286569	-1323.23939081	-1188.49728878	-1072.12165929	-1066.90115032	-948.42015923	-779.54306795	-636.47051041	-655.38597801	-496.22189214	-411.71460988	7.26599095	-1.42203481	6.44507672	5.85299890	7.90806209	9.47276816	6.94321786	5.07331777	0.12626842	4.03495408	3.52796179	4.01356266	14.85259642
The teenager confided in the therapist because he was seeking emotional support.	-1637.69256867	-1532.32326781	-1379.57451483	-1231.73253583	-1118.37434913	-1028.88478708	-1031.82255631	-930.21284975	-780.32902870	-624.91897460	-679.37009228	-581.77620173	-462.88182937	The teenager confided in the therapist because she was seeking emotional support.	-1644.43956027	-1535.74555603	-1390.77001244	-1241.03420723	-1123.56867646	-1033.78103629	-1033.47748428	-928.49218165	-774.29352452	-617.75120038	-678.26650572	-582.84841123	-481.21071721	6.74699159	3.42228821	11.19549761	9.30167140	5.19432733	4.89624921	1.65492797	-1.72066810	-6.03550418	-7.16777422	-1.10358656	1.07220950	18.32888784
The undergraduate presented the administrator with a petition that he had organized.	-1170.44706564	-1310.28646370	-1201.12338381	-1027.99904627	-980.73950792	-932.51968903	-970.40077018	-912.19788875	-801.01633990	-693.42460420	-733.45393668	-633.14036400	-404.35367099	The undergraduate presented the administrator with a petition that she had organized.	-1178.31855583	-1309.65885573	-1207.51155116	-1037.00549873	-987.31406853	-936.74496726	-972.21912208	-918.23039140	-807.65702352	-698.09642730	-730.43049690	-630.69635101	-414.56821921	7.87149019	-0.62760797	6.38816735	9.00645246	6.57456060	4.22527822	1.81835190	6.03250266	6.64068362	4.67182310	-3.02343979	-2.44401298	10.21454823
The undergraduate presented the administrator with a petition that he had been unaware of.	-1044.80886209	-1137.43646167	-1039.71539171	-934.38046772	-925.32383922	-894.53105269	-956.42901036	-915.26273079	-791.88381758	-682.30357567	-709.95793237	-607.80510746	-385.35203007	The undergraduate presented the administrator with a petition that she had been unaware of.	-1051.55585368	-1138.11256811	-1047.04506439	-939.02018751	-927.86703884	-901.45838121	-960.88007319	-920.67863021	-797.00233489	-687.39550574	-707.65784017	-604.96114555	-399.79450989	6.74699159	0.67610643	7.32967269	4.63971978	2.54319962	6.92732852	4.45106283	5.41589941	5.11851731	5.09193008	-2.30009221	-2.84396191	14.44247982
The customer asked the salesperson if he could explain the pricing of each product.	-1512.38471817	-1415.50009842	-1292.65291591	-1137.50809779	-1059.00264551	-996.85382549	-975.59932659	-909.14791868	-783.77302009	-686.57859082	-723.93863949	-627.47142524	-470.74913937	The customer asked the salesperson if she could explain the pricing of each product.	-1518.91264758	-1419.64793576	-1301.62669129	-1147.35727822	-1066.46029604	-1002.09945146	-980.65976404	-910.91060978	-786.68556848	-689.23393963	-725.89719894	-635.40113121	-486.15781183	6.52792942	4.14783735	8.97377538	9.84918044	7.45765053	5.24562597	5.06043746	1.76269110	2.91254839	2.65534881	1.95855946	7.92970597	15.40867246
The customer asked the salesperson if he was eligible for an additional discount.	-1519.59188096	-1504.56059112	-1374.16680016	-1196.62827998	-1094.50395138	-1020.22748905	-989.09314883	-901.85412428	-789.72884296	-690.93325241	-752.03865465	-677.63565246	-562.47702322	The customer asked the salesperson if she was eligible for an additional discount.	-1526.58609105	-1509.61681450	-1380.82966870	-1204.34406648	-1101.42399651	-1027.64069670	-995.42313589	-908.36207885	-796.05264961	-694.26744277	-755.82780584	-681.39251658	-592.98924204	6.99421009	5.05622338	6.66286854	7.71578650	6.92004513	7.41320765	6.32998706	6.50795457	6.32380665	3.33419035	3.78915120	3.75686412	30.51221882
The visitor asked the receptionist if he needed to sign in.	-1031.92567079	-1119.19522017	-1075.40442087	-993.05431932	-1035.07335248	-1006.34482189	-985.49402837	-899.76940938	-766.15497991	-661.87288691	-710.53272316	-592.23612229	-524.72833282	The visitor asked the receptionist if she needed to sign in.	-1040.55063849	-1118.75639090	-1080.89662144	-1003.08722841	-1037.24868284	-1000.62076320	-989.83053683	-903.41223909	-772.27686138	-663.06251871	-707.58649908	-603.12064382	-543.01187950	8.62496770	-0.43882928	5.49220057	10.03290910	2.17533036	-5.72405868	4.33650846	3.64282971	6.12188147	1.18963180	-2.94622408	10.88452153	18.28354668
The visitor asked the receptionist if he could estimate how long the wait would be.	-914.82835893	-1020.93224484	-1025.33817611	-950.48634140	-993.12008341	-949.31026213	-937.71190744	-894.36040253	-781.20054183	-693.84502442	-731.66664848	-626.68423659	-522.07586851	The visitor asked the receptionist if she could estimate how long the wait would be.	-921.15333524	-1022.47198163	-1028.94476292	-961.21074027	-999.42384719	-948.72206776	-942.60424407	-896.15672918	-785.12215007	-700.18272330	-741.75861300	-649.21638456	-534.16597879	6.32497631	1.53973678	3.60658682	10.72439887	6.30376378	-0.58819438	4.89233663	1.79632665	3.92160824	6.33769888	10.09196453	22.53214796	12.09011028
The librarian helped the child pick out a book because he did not know what to read.	-925.88585579	-1096.93841854	-1063.47136908	-1022.27845188	-972.70427674	-881.44559254	-872.51624712	-827.41392018	-734.01659374	-663.12797158	-712.98645038	-632.19050690	-496.46983600	The librarian helped the child pick out a book because she did not know what to read.	-931.46691288	-1098.31217250	-1066.03092976	-1026.94370929	-977.96028090	-885.60282231	-872.56718831	-829.62194901	-737.37555446	-662.22564776	-701.84009215	-628.23244913	-497.92674878	5.58105709	1.37375396	2.55956068	4.66525741	5.25600416	4.15722978	0.05094118	2.20802883	3.35896072	-0.90232382	-11.14635823	-3.95805777	1.45691278
The librarian helped the child pick out a book because he liked to encourage reading.	-1374.26650257	-1453.20196392	-1318.59375529	-1210.43370870	-1081.37205926	-981.45816572	-941.57972811	-866.66829155	-778.82625362	-683.26471932	-734.49684766	-637.53252325	-496.51735622	The librarian helped the child pick out a book because she liked to encourage reading.	-1380.59170061	-1452.43465030	-1325.69429915	-1216.12821998	-1089.15963562	-984.89396963	-939.97173348	-866.92673020	-778.93514811	-684.68173403	-734.82816580	-643.56303514	-508.26335868	6.32519804	-0.76731362	7.10054387	5.69451129	7.78757636	3.43580391	-1.60799463	0.25843865	0.10889449	1.41701470	0.33131814	6.03051189	11.74600246
The advisor met with the advisee because he wanted to get advice about job applications.	-1385.25340188	-1445.26494636	-1302.01853998	-1178.58664164	-1099.25303076	-1009.27620653	-974.72823810	-871.21387626	-779.37090308	-688.98610096	-714.08915830	-610.09401069	-261.50946089	The advisor met with the advisee because she wanted to get advice about job applications.	-1391.21847196	-1446.96251298	-1308.71129348	-1181.12146667	-1095.57945625	-1005.27694867	-968.45729622	-865.72851409	-777.20272536	-687.15895296	-716.55686275	-617.54456512	-276.75288965	5.96507008	1.69756663	6.69275349	2.53482503	-3.67357450	-3.99925786	-6.27094188	-5.48536217	-2.16817773	-1.82714800	2.46770446	7.45055442	15.24342877
The advisor met with the advisee because he wanted to give advice about job applications.	-1427.88038532	-1485.33749360	-1332.70086413	-1214.66560569	-1128.51769477	-1033.57107304	-996.79094349	-888.30583370	-788.84410997	-693.27388114	-719.91004901	-611.20843120	-250.45670562	The advisor met with the advisee because she wanted to give advice about job applications.	-1433.84545541	-1487.83845406	-1340.19504845	-1217.63487758	-1126.27836720	-1030.72275691	-991.21517574	-883.05422092	-787.13909129	-692.44137127	-723.25219561	-619.62866375	-265.95468957	5.96507008	2.50096046	7.49418432	2.96927189	-2.23932757	-2.84831613	-5.57576775	-5.25161278	-1.70501868	-0.83250987	3.34214660	8.42023255	15.49798396
The pharmacist told the patient that he should take the pills with food.	-1637.37206081	-1552.36563857	-1390.96383482	-1266.71906883	-1163.52561050	-1117.27701015	-1063.77373150	-955.82229901	-815.92799116	-701.64364068	-729.93570814	-654.48992437	-556.93096019	The pharmacist told the patient that she should take the pills with food.	-1643.27567845	-1551.82804092	-1387.97815538	-1270.10893193	-1164.86019585	-1116.84250775	-1066.83890564	-953.69661387	-814.90925446	-699.26939421	-725.93996958	-655.72363611	-573.34881919	5.90361764	-0.53759765	-2.98567944	3.38986310	1.33458535	-0.43450240	3.06517414	-2.12568514	-1.01873670	-2.37424647	-3.99573855	1.23371174	16.41785900
The pharmacist told the patient that he recommended taking the pills with food.	-1873.78376028	-1690.45323070	-1488.49561127	-1351.64458022	-1233.19882835	-1157.83977198	-1103.07982321	-984.55472059	-848.68299639	-705.78575986	-738.73878679	-654.43111288	-540.70168140	The pharmacist told the patient that she recommended taking the pills with food.	-1879.68737792	-1691.59328808	-1489.25496203	-1353.95705644	-1234.56969537	-1161.57060194	-1103.62299691	-977.88336472	-842.79006877	-704.01582421	-735.19870221	-653.38129207	-556.08338452	5.90361764	1.14005738	0.75935076	2.31247621	1.37086701	3.73082996	0.54317370	-6.67135586	-5.89292762	-1.76993565	-3.54008458	-1.04982082	15.38170312
The janitor warned the child not to step on the wet floor, otherwise he might fall and get hurt.	-1440.25670719	-1485.78919930	-1404.04923659	-1283.91465867	-1139.01856418	-1066.89329885	-1043.01188692	-968.25099623	-856.92785349	-761.71318189	-795.73369866	-689.60115655	-628.85807112	The janitor warned the child not to step on the wet floor, otherwise she might fall and get hurt.	-1444.84737115	-1484.04856161	-1405.11228262	-1290.17531576	-1143.32426077	-1073.87029622	-1046.55778491	-974.78522461	-861.17996771	-759.43889574	-791.05898997	-690.36997322	-635.79468856	4.59066396	-1.74063769	1.06304602	6.26065708	4.30569659	6.97699737	3.54589798	6.53422838	4.25211422	-2.27428614	-4.67470869	0.76881666	6.93661744
The janitor warned the child not to step on the wet floor, otherwise he would have to mop it all over again.	-1176.33923035	-1325.07433844	-1288.72111981	-1258.52793388	-1150.21464305	-1078.63075832	-1042.69154342	-987.76833081	-875.58974576	-785.67482790	-794.34289361	-685.50188093	-621.74221433	The janitor warned the child not to step on the wet floor, otherwise she would have to mop it all over again.	-1180.16478365	-1325.00552304	-1289.33743088	-1264.33614180	-1153.59562116	-1084.80273296	-1046.72756342	-993.05266945	-881.47941681	-788.73569795	-793.86679959	-689.36984544	-628.12302067	3.82555330	-0.06881540	0.61631106	5.80820792	3.38097811	6.17197464	4.03602000	5.28433865	5.88967105	3.06087006	-0.47609402	3.86796451	6.38080634
The psychologist told the patient to fill out a questionnaire so he could make a preliminary assessment.	-1498.81979675	-1344.29626537	-1239.69899873	-1088.17921477	-1036.02902423	-942.11659275	-930.09702232	-863.82853369	-762.08457101	-690.23374327	-691.09013852	-618.51054645	-464.27137585	The psychologist told the patient to fill out a questionnaire so she could make a preliminary assessment.	-1503.54166641	-1347.25339555	-1240.61357755	-1090.62301416	-1043.17601305	-949.39371807	-940.75333073	-870.32108260	-768.24858581	-694.32748420	-696.10671352	-624.11164015	-485.00847643	4.72186966	2.95713018	0.91457881	2.44379939	7.14698882	7.27712532	10.65630840	6.49254891	6.16401480	4.09374093	5.01657500	5.60109371	20.73710058
The psychologist told the patient to fill out a questionnaire so he could be quickly assessed.	-1428.42313781	-1322.58214573	-1211.88062407	-1088.21812441	-1036.05574908	-948.08766459	-941.35176710	-889.67945977	-774.14235358	-687.46654357	-678.14322562	-610.68994262	-496.26714021	The psychologist told the patient to fill out a questionnaire so she could be quickly assessed.	-1433.42276451	-1323.64207952	-1215.18340575	-1091.82129066	-1044.26799368	-955.72564915	-950.93344935	-895.63845154	-779.00339026	-689.25060796	-680.84456875	-615.74806850	-521.36074922	4.99962670	1.05993379	3.30278168	3.60316624	8.21224460	7.63798456	9.58168225	5.95899177	4.86103668	1.78406439	2.70134313	5.05812588	25.09360901
The physician warned the patient that he needed to get more rest.	-1000.81140431	-1100.58216197	-1013.70999258	-931.81220962	-934.21283276	-874.05778424	-879.07774964	-823.39768410	-730.44556998	-629.61644622	-664.75356108	-582.17768755	-481.94834492	The physician warned the patient that she needed to get more rest.	-1008.71762469	-1104.62324502	-1016.04490892	-938.43037509	-940.23754493	-875.98548631	-885.52745388	-831.10389621	-737.41053370	-632.38682419	-665.92151209	-591.42287733	-522.52523351	7.90622039	4.04108305	2.33491634	6.61816548	6.02471217	1.92770206	6.44970424	7.70621211	6.96496372	2.77037796	1.16795101	9.24518977	40.57688859
The physician warned the patient that he could not safely prescribe a higher dose.	-1706.25068674	-1553.99392673	-1381.76808306	-1206.52633749	-1083.89860283	-973.39185691	-915.23720742	-841.46070304	-733.54821752	-625.80504230	-656.79780935	-567.56285081	-387.79399996	The physician warned the patient that she could not safely prescribe a higher dose.	-1712.57566305	-1560.33565810	-1379.23741207	-1210.90731504	-1087.21202349	-974.08809190	-920.06538404	-842.16462686	-734.45014645	-624.60863999	-653.33847790	-571.15016884	-428.70568984	6.32497631	6.34173138	-2.53067099	4.38097755	3.31342066	0.69623499	4.82817662	0.70392382	0.90192893	-1.19640231	-3.45933145	3.58731802	40.91168988
The carpenter told the onlooker that he needed to stand at least thirty feet from the building site.	-1400.42634832	-1469.00679928	-1351.23893508	-1322.74348839	-1226.46982739	-1177.86849965	-1137.19516441	-1046.41117219	-892.87960916	-754.10952358	-787.47024247	-695.78930055	-533.21920588	The carpenter told the onlooker that she needed to stand at least thirty feet from the building site.	-1404.92434272	-1470.91060820	-1352.21433546	-1326.43678398	-1223.77185773	-1176.17337754	-1137.20293259	-1043.70373151	-888.72491192	-746.04961893	-775.07451300	-676.50538130	-532.44151684	4.49799439	1.90380892	0.97540039	3.69329559	-2.69796966	-1.69512210	0.00776819	-2.70744068	-4.15469724	-8.05990465	-12.39572946	-19.28391925	-0.77768904
The carpenter told the onlooker that he had been working on the house for three weeks.	-964.33203737	-1160.45659142	-1071.61855250	-1072.11020637	-1059.29764603	-1053.25729625	-1059.70217650	-984.28399601	-862.41517191	-743.55523307	-773.55415956	-670.76837806	-524.45955727	The carpenter told the onlooker that she had been working on the house for three weeks.	-969.30350486	-1161.14694583	-1074.54805798	-1075.49621252	-1058.60155543	-1057.45134359	-1064.42321755	-985.30229754	-859.98790569	-733.97990910	-762.05322690	-659.95073785	-541.01912991	4.97146749	0.69035441	2.92950548	3.38600615	-0.69609060	4.19404734	4.72104105	1.01830153	-2.42726622	-9.57532397	-11.50093265	-10.81764020	16.55957264
The nurse notified the patient that his shift would be ending in an hour.	-1372.32285325	-1316.05100901	-1193.03157572	-1070.95986094	-1071.67965674	-1014.43366290	-989.08838429	-930.34271447	-797.74228435	-711.64852890	-755.27822478	-655.14687889	-556.52118461	The nurse notified the patient that her shift would be ending in an hour.	-1375.18873045	-1307.50862035	-1188.92779819	-1070.46743639	-1077.00939860	-1011.27443673	-990.97551669	-930.44910797	-803.56819413	-720.24958968	-760.09235257	-670.69694060	-571.01698965	2.86587720	-8.54238866	-4.10377753	-0.49242455	5.32974187	-3.15922617	1.88713240	0.10639350	5.82590978	8.60106078	4.81412780	15.55006171	14.49580504
The nurse notified the patient that his blood would be drawn in an hour.	-1273.31096615	-1241.97157848	-1144.74401006	-1020.82431877	-1034.56407952	-956.59170878	-941.93910526	-877.34527488	-770.61652675	-675.94528521	-713.23766770	-625.33241588	-521.79129010	The nurse notified the patient that her blood would be drawn in an hour.	-1276.17684336	-1236.65518941	-1150.63216139	-1027.46095236	-1034.70588559	-949.73127788	-945.05780705	-878.08946392	-775.59835718	-681.73570140	-718.35549437	-636.76624735	-542.76652604	2.86587720	-5.31638908	5.88815133	6.63663359	0.14180607	-6.86043090	3.11870180	0.74418904	4.98183043	5.79041619	5.11782667	11.43383147	20.97523595
The investigator wanted to interview the witness in person, but he was unreachable.	-1747.40425300	-1563.03397176	-1469.67934879	-1328.70446331	-1174.84625962	-1098.27046701	-1038.05675196	-966.23427718	-822.71294694	-744.18253308	-747.36805372	-655.21440022	-572.07014891	The investigator wanted to interview the witness in person, but she was unreachable.	-1753.41954350	-1562.87586963	-1471.62123686	-1327.12524272	-1173.77098258	-1102.30090259	-1042.99013167	-969.63783234	-825.90175340	-750.87630378	-751.11597664	-663.80888900	-606.46468852	6.01529050	-0.15810213	1.94188807	-1.57922059	-1.07527704	4.03043558	4.93337971	3.40355515	3.18880646	6.69377070	3.74792292	8.59448878	34.39453961
The investigator wanted to interview the witness in person, but he was unable to get in contact.	-988.75239633	-1045.08126711	-1037.43748933	-985.99256123	-947.01186362	-907.56719371	-925.87176352	-897.15923412	-787.22672277	-709.98691118	-733.15744190	-666.73690946	-541.08845838	The investigator wanted to interview the witness in person, but she was unable to get in contact.	-994.41384622	-1045.82337111	-1042.10913737	-986.63909945	-944.98816210	-910.23648573	-927.49316368	-897.99181560	-786.53721521	-708.80352561	-730.26032404	-662.07676216	-552.11960767	5.66144989	0.74210401	4.67164803	0.64653822	-2.02370152	2.66929202	1.62140015	0.83258148	-0.68950756	-1.18338556	-2.89711785	-4.66014729	11.03114929
The customer left the bartender a big tip because he was feeling generous.	-1433.52234022	-1402.20696666	-1331.06114340	-1187.08083418	-1128.47205624	-1028.27250115	-957.73694420	-866.62870415	-768.16621621	-656.66892207	-684.86742609	-570.13140148	-372.72758429	The customer left the bartender a big tip because she was feeling generous.	-1440.78833117	-1399.62508065	-1337.34530696	-1199.55257804	-1132.94351540	-1033.42758200	-961.67380248	-867.65431822	-773.46501040	-667.54337707	-695.31024404	-587.11013781	-393.40926529	7.26599095	-2.58188601	6.28416357	12.47174386	4.47145916	5.15508085	3.93685828	1.02561407	5.29879419	10.87445500	10.44281795	16.97873633	20.68168100
The customer left the bartender a big tip because he had made the drink very strong.	-1165.51370799	-1253.08986383	-1209.15226228	-1101.99665832	-1076.24459872	-976.85434007	-914.28065436	-833.65037941	-750.95727908	-660.48598702	-699.96601493	-590.75136298	-355.42280129	The customer left the bartender a big tip because she had made the drink very strong.	-1171.41732563	-1254.13634202	-1213.82316446	-1111.47912643	-1081.06158976	-982.14517244	-919.82204144	-836.76277929	-756.59882784	-669.75869977	-708.47911789	-604.52976484	-365.97914875	5.90361764	1.04647819	4.67090219	9.48246812	4.81699103	5.29083237	5.54138709	3.11239988	5.64154876	9.27271275	8.51310296	13.77840186	10.55634746
The patient was referred to the specialist because he had a rare skin condition.	-1329.26395373	-1311.61172967	-1236.47237111	-1116.22097733	-1079.76741124	-944.38667142	-951.00635361	-840.16279526	-735.64558738	-642.38693530	-694.59293153	-635.79585867	-448.95789392	The patient was referred to the specialist because she had a rare skin condition.	-1336.08117668	-1314.75921489	-1242.86130149	-1117.80239230	-1077.57581941	-948.65305015	-954.12122252	-838.09202548	-733.70282408	-642.46911361	-694.00612611	-635.52688695	-481.77883117	6.81722295	3.14748523	6.38893038	1.58141497	-2.19159183	4.26637872	3.11486892	-2.07076978	-1.94276330	0.08217831	-0.58680542	-0.26897172	32.82093725
The patient was referred to the specialist because he had knowledge of rare skin conditions.	-1383.70152393	-1385.50026141	-1283.04363817	-1140.52536723	-1046.12621441	-920.30806574	-915.98497259	-821.04667487	-710.97538421	-618.55251452	-659.95091453	-596.28044838	-359.19592233	The patient was referred to the specialist because she had knowledge of rare skin conditions.	-1390.06426535	-1389.77109134	-1292.26957057	-1142.49265401	-1044.79322856	-921.26525512	-917.41767273	-818.76306229	-711.32981994	-621.29656388	-660.94401502	-599.62564683	-377.20693144	6.36274142	4.27082994	9.22593240	1.96728678	-1.33298585	0.95718938	1.43270014	-2.28361258	0.35443573	2.74404936	0.99310049	3.34519845	18.01100911
The electrician warned the homeowner not to try rewiring anything on his own.	-1851.71229081	-1793.44001673	-1628.74918141	-1513.01913830	-1387.03209547	-1260.64519621	-1194.63856068	-1066.66124691	-894.20325164	-771.63835403	-778.12119669	-679.64301387	-658.08120922	The electrician warned the homeowner not to try rewiring anything on her own.	-1854.02968979	-1791.70898128	-1631.70416130	-1523.87807300	-1390.26464620	-1258.26916426	-1192.31212599	-1067.12966214	-894.29854763	-776.89837293	-774.96578433	-668.07854597	-639.39308379	2.31739898	-1.73103545	2.95497988	10.85893470	3.23255073	-2.37603195	-2.32643470	0.46841523	0.09529599	5.26001890	-3.15541236	-11.56446790	-18.68812542
The electrician warned the homeowner that he might need an extra day to finish rewiring the house.	-1722.85604962	-1686.17145220	-1557.47375824	-1398.58096041	-1271.04442910	-1158.97893555	-1094.91354672	-987.51335186	-833.79673497	-737.83876952	-784.08372461	-713.38512945	-672.08680708	The electrician warned the homeowner that she might need an extra day to finish rewiring the house.	-1727.14958972	-1687.26307457	-1556.24653199	-1403.99233563	-1271.18397892	-1159.99102471	-1097.35194553	-987.13031086	-835.51420510	-739.59134470	-777.01012578	-698.55570363	-664.84438826	4.29354010	1.09162237	-1.22722625	5.41137522	0.13954981	1.01208916	2.43839882	-0.38304100	1.71747013	1.75257518	-7.07359883	-14.82942582	-7.24241882
The officer arrested the protester even though he was not on duty.	-1139.98004294	-1296.78934494	-1189.30108943	-1129.57328391	-1087.10370700	-979.78114608	-958.38201862	-880.95642351	-750.39209502	-608.74602614	-665.21197021	-535.08511529	-421.92115460	The officer arrested the protester even though she was not on duty.	-1147.32166766	-1298.90604763	-1196.63564506	-1132.27939253	-1083.51381598	-984.84924689	-956.82042485	-876.31898508	-749.50698763	-618.62932737	-676.58423202	-537.86236473	-416.44950914	7.34162472	2.11670269	7.33455563	2.70610862	-3.58989102	5.06810081	-1.56159378	-4.63743843	-0.88510739	9.88330123	11.37226182	2.77724943	-5.47164546
The officer arrested the protester even though he was not violent.	-1202.81043489	-1271.82482706	-1170.16914794	-1082.99964041	-1052.90601184	-939.62053761	-934.43579490	-865.12651715	-757.11208425	-616.14093891	-657.15422410	-540.17300838	-390.54271509	The officer arrested the protester even though she was not violent.	-1210.76386167	-1273.29528276	-1178.55958422	-1088.30867010	-1048.28662766	-941.59789254	-932.24512867	-860.10374406	-754.54172674	-622.92884985	-655.71386246	-528.95386157	-369.41251661	7.95342678	1.47045570	8.39043627	5.30902969	-4.61938419	1.97735494	-2.19066623	-5.02277309	-2.57035751	6.78791095	-1.44036164	-11.21914682	-21.13019848
The pathologist obtained tissue samples from the victim to look at under his microscope.	-1577.14786658	-1497.39117199	-1408.49459869	-1272.43576769	-1152.18306962	-1035.50970770	-1027.33504986	-979.22522474	-891.25227636	-784.01184848	-753.10576681	-675.74625702	-569.59069427	The pathologist obtained tissue samples from the victim to look at under her microscope.	-1579.33845334	-1499.05363641	-1423.63494908	-1284.78272294	-1162.13408915	-1039.99536879	-1023.33707580	-972.08482087	-885.09862583	-787.55003478	-756.29453654	-681.37468169	-586.12920384	2.19058675	1.66246441	15.14035039	12.34695525	9.95101953	4.48566110	-3.99797407	-7.14040387	-6.15365053	3.53818630	3.18876973	5.62842468	16.53850957
The pathologist obtained tissue samples from the victim to determine the cause of his death.	-1555.31094890	-1453.84927414	-1329.45390126	-1189.76216690	-1081.81348876	-980.11607991	-962.76577409	-895.57438161	-787.63405333	-703.24536463	-746.96931614	-701.84995951	-600.32674956	The pathologist obtained tissue samples from the victim to determine the cause of her death.	-1557.74267719	-1458.36638175	-1341.91571314	-1198.81758781	-1084.48339635	-978.25592375	-961.64402680	-892.99079303	-786.13484478	-704.70094529	-741.54605426	-699.49721305	-611.91887764	2.43172829	4.51710761	12.46181188	9.05542091	2.66990760	-1.86015616	-1.12174729	-2.58358858	-1.49920855	1.45558066	-5.42326188	-2.35274646	11.59212808
The student asked the teacher if he could get an extension on the assignment.	-958.52590633	-1107.07466456	-1036.89626640	-910.36676589	-910.92442646	-867.64515124	-877.55339175	-834.41448495	-732.37442551	-662.35493298	-709.96718737	-602.70303597	-351.40407289	The student asked the teacher if she could get an extension on the assignment.	-965.30266667	-1109.70894520	-1043.07411545	-913.36119777	-913.85879267	-868.44004577	-884.55863374	-838.86805363	-733.61293669	-663.43105846	-710.95778356	-609.95257817	-387.23450384	6.77676033	2.63428064	6.17784905	2.99443188	2.93436621	0.79489454	7.00524199	4.45356868	1.23851118	1.07612548	0.99059620	7.24954219	35.83043096
The student asked the teacher if he could grant an extension on the assignment.	-1258.10020508	-1344.94514223	-1202.20888640	-1020.21870166	-995.36289289	-929.24092988	-930.75484162	-870.74429556	-777.46621584	-692.85867740	-734.96183829	-619.05272488	-352.24005687	The student asked the teacher if she could grant an extension on the assignment.	-1264.87696541	-1345.70192509	-1210.07573764	-1026.24395258	-1000.64516355	-932.35361121	-939.68512074	-878.11707121	-780.77983010	-696.19587862	-736.23431232	-626.25292279	-395.64855545	6.77676033	0.75678286	7.86685124	6.02525092	5.28227066	3.11268132	8.93027913	7.37277566	3.31361425	3.33720122	1.27247403	7.20019790	43.40849858
The lawyer cross-examined the witness until he broke under pressure.	-2125.67149796	-2017.36177779	-1905.60523098	-1648.32604181	-1481.46896417	-1280.51607427	-1204.00917971	-1056.47533116	-885.85334033	-766.82507627	-758.20496028	-657.84060778	-484.34395785	The lawyer cross-examined the witness until she broke under pressure.	-2134.34796353	-2024.07249458	-1915.16430115	-1653.09686920	-1481.25144333	-1285.07653910	-1204.27813796	-1053.06630451	-883.02706323	-763.37903922	-755.80160032	-650.85218564	-498.97372491	8.67646558	6.71071679	9.55907017	4.77082739	-0.21752084	4.56046483	0.26895825	-3.40902665	-2.82627710	-3.44603705	-2.40335996	-6.98842214	14.62976706
The lawyer cross-examined the witness until he was finished asking questions.	-1781.49519468	-1740.86646803	-1620.12483810	-1406.58403706	-1292.49665552	-1146.54350539	-1083.79809815	-986.48136790	-832.60962118	-732.59274124	-729.79702073	-642.49647183	-501.04661960	The lawyer cross-examined the witness until she was finished asking questions.	-1789.44862146	-1745.10234069	-1624.10000568	-1406.41287102	-1290.51746159	-1149.58514154	-1087.39139547	-988.12952089	-836.40653045	-734.88500625	-735.61844679	-649.87292819	-520.24703796	7.95342678	4.23587266	3.97516758	-0.17116604	-1.97919394	3.04163616	3.59329732	1.64815299	3.79690927	2.29226501	5.82142607	7.37645636	19.20041836
The planner spoke with the resident who said that his entire community did not want an aiport nearby.	-1438.10718245	-1505.89674073	-1461.03004433	-1287.68732976	-1154.08334976	-1075.17503331	-1041.98668727	-927.08684602	-801.75833025	-664.79042586	-715.01771422	-639.32973652	-393.18540906	The planner spoke with the resident who said that her entire community did not want an aiport nearby.	-1440.22714444	-1501.95245970	-1465.37070828	-1292.33833486	-1157.08558009	-1072.53848564	-1036.15562507	-921.83121984	-796.93716773	-666.09237979	-716.89136890	-641.76956411	-408.75713498	2.11996199	-3.94428103	4.34066395	4.65100510	3.00223033	-2.63654767	-5.83106220	-5.25562617	-4.82116252	1.30195394	1.87365469	2.43982759	15.57172592
The planner spoke with the resident who said that his proposal to build a new airport would be met with fierce opposition.	-1319.68831085	-1402.43596033	-1347.07663700	-1181.18384592	-1088.42138411	-1068.29755404	-1058.93965676	-984.73369600	-855.43429840	-739.96529227	-799.98292330	-712.20327106	-477.08275358	The planner spoke with the resident who said that her proposal to build a new airport would be met with fierce opposition.	-1321.51918711	-1400.62131154	-1349.64520364	-1179.29679313	-1086.08494938	-1067.94177546	-1055.95455379	-980.90597457	-857.88705592	-750.71927552	-806.78118546	-717.53175779	-492.77667599	1.83087626	-1.81464879	2.56856664	-1.88705279	-2.33643473	-0.35577858	-2.98510297	-3.82772143	2.45275752	10.75398325	6.79826216	5.32848673	15.69392242
The practitioner made a house call for the patient because he felt gravely ill.	-1360.60442826	-1445.03867324	-1356.28869086	-1233.14034973	-1134.31973580	-999.74617714	-974.84132196	-859.57601136	-740.13467487	-651.13306322	-678.53988089	-599.48670263	-490.84746554	The practitioner made a house call for the patient because she felt gravely ill.	-1367.38142616	-1446.02110529	-1356.87813719	-1234.04938881	-1133.33770017	-1001.75866611	-975.76458558	-859.08673827	-738.67645221	-646.79039243	-669.03552335	-589.90546240	-527.53987300	6.77699790	0.98243205	0.58944633	0.90903908	-0.98203563	2.01248898	0.92326362	-0.48927309	-1.45822266	-4.34267078	-9.50435754	-9.58124024	36.69240746
The practitioner made a house call for the patient because he felt a sense of obligation.	-1069.70052751	-1217.16489145	-1187.69230031	-1090.25838623	-1034.76950109	-944.29056298	-937.88464961	-853.97129592	-729.68950405	-614.07435671	-650.44719030	-569.78939915	-373.39539395	The practitioner made a house call for the patient because she felt a sense of obligation.	-1075.63040067	-1219.71539896	-1191.36221814	-1095.11372255	-1038.10357636	-950.06916458	-940.93699487	-854.95200989	-730.73889986	-615.85570948	-652.19739605	-562.87684431	-387.13365538	5.92987316	2.55050751	3.66991783	4.85533631	3.33407527	5.77860160	3.05234525	0.98071398	1.04939580	1.78135277	1.75020576	-6.91255484	13.73826143
The homeowner called the plumber to get an estimate for his services.	-1744.77100432	-1713.45562957	-1561.69112148	-1388.90807940	-1256.03194494	-1146.11259563	-1104.40494752	-995.11496393	-881.12581128	-776.40514988	-790.89567327	-698.49677223	-564.79738857	The homeowner called the plumber to get an estimate for her services.	-1746.96159107	-1715.15882649	-1578.23856735	-1394.80691751	-1253.21750067	-1148.68075540	-1109.65916915	-993.00564182	-878.19934874	-775.38217139	-789.06805778	-697.24385063	-570.50053279	2.19058675	1.70319692	16.54744586	5.89883811	-2.81444427	2.56815977	5.25422163	-2.10932211	-2.92646254	-1.02297849	-1.82761549	-1.25292160	5.70314422
The homeowner called the plumber to get an estimate for repairing his broken pipes.	-1986.74562021	-1864.03559903	-1665.24275953	-1409.26066093	-1230.99324274	-1114.44667898	-1082.43907857	-979.06545789	-861.13834472	-772.15730190	-797.62579451	-697.79513311	-577.94587456	The homeowner called the plumber to get an estimate for repairing her broken pipes.	-1989.03430566	-1865.94473695	-1674.28692966	-1418.30804900	-1237.14251219	-1120.40167352	-1086.23440098	-977.00989282	-860.31998923	-773.43515949	-794.38708127	-694.35179232	-589.17928283	2.28868545	1.90913792	9.04417013	9.04738807	6.14926945	5.95499455	3.79532240	-2.05556507	-0.81835550	1.27785759	-3.23871323	-3.44334080	11.23340828
The instructor encouraged the student to attend his help sessions.	-1819.64053590	-1711.60691992	-1533.54417586	-1333.25948692	-1214.33844440	-1069.23493079	-984.51189233	-875.23520267	-777.75492203	-631.92878453	-651.59931675	-543.96615094	-283.83586622	The instructor encouraged the student to attend her help sessions.	-1823.58537917	-1706.94858166	-1547.51446976	-1349.26462665	-1225.43861311	-1078.12888945	-993.74330894	-876.80690154	-777.08547276	-634.18836569	-652.81257486	-537.30950804	-324.04285116	3.94484326	-4.65833826	13.97029390	16.00513973	11.10016871	8.89395866	9.23141661	1.57169887	-0.66944927	2.25958116	1.21325811	-6.65664291	40.20698494
The instructor encouraged the student to pursue his dreams.	-1630.53321809	-1571.88258704	-1359.62462136	-1167.51633672	-1071.52611640	-958.04404743	-908.72092617	-856.23351552	-747.37631748	-610.65884184	-670.68823106	-561.73951123	-447.18650839	The instructor encouraged the student to pursue her dreams.	-1634.91637727	-1573.88652610	-1372.93184376	-1173.53105819	-1072.97937907	-959.01020223	-919.25135456	-860.51853494	-752.63211866	-613.45944232	-667.54790928	-553.74249951	-468.12247769	4.38315918	2.00393906	13.30722240	6.01472147	1.45326266	0.96615481	10.53042839	4.28501942	5.25580118	2.80060048	-3.14032178	-7.99701172	20.93596930
The surgeon operated on the child with great care; his tumor had grown over time.	-1244.40953594	-1445.84534926	-1384.47938571	-1306.61486143	-1222.07342879	-1102.15969410	-1099.30160868	-1014.88420152	-842.64011465	-730.24926710	-776.28967957	-696.32716835	-667.33870973	The surgeon operated on the child with great care; her tumor had grown over time.	-1246.89745107	-1448.61280196	-1396.48670846	-1315.56030503	-1229.34140280	-1108.23417593	-1102.23192750	-1015.52022341	-841.20985268	-728.04453247	-777.01042684	-701.89166856	-672.59262698	2.48791514	2.76745270	12.00732275	8.94544360	7.26797401	6.07448184	2.93031882	0.63602188	-1.43026197	-2.20473463	0.72074727	5.56450021	5.25391724
The surgeon operated on the child with great care; his affection had grown over time.	-1264.39104830	-1434.99817284	-1393.77271192	-1297.99724951	-1214.88577614	-1094.95770209	-1086.71199026	-1011.43176934	-835.69955063	-694.23700259	-737.25984148	-653.50456926	-567.71065049	The surgeon operated on the child with great care; her affection had grown over time.	-1266.87896343	-1437.91219599	-1399.85517080	-1303.11895210	-1216.09767392	-1092.21459980	-1087.88024284	-1013.87930971	-839.43286434	-701.09973305	-737.69997282	-658.23922937	-589.97437414	2.48791514	2.91402315	6.08245888	5.12170259	1.21189778	-2.74310228	1.16825258	2.44754037	3.73331371	6.86273046	0.44013134	4.73466011	22.26372365
The veterinarian informed the owner that his cat had developed diabetes.	-2343.93059258	-2026.04056910	-1719.30426569	-1486.63274858	-1328.15135642	-1158.24880588	-1115.07210126	-998.22715383	-830.70389333	-708.29726620	-788.16213616	-724.86945718	-693.22358873	The veterinarian informed the owner that her cat had developed diabetes.	-2347.28867831	-2026.16544308	-1734.41786530	-1497.06605726	-1339.62125172	-1167.23870757	-1127.11284770	-1001.35476869	-838.17766890	-719.83786986	-797.70556190	-738.12373421	-719.59284304	3.35808573	0.12487397	15.11359961	10.43330868	11.46989530	8.98990169	12.04074644	3.12761486	7.47377557	11.54060366	9.54342574	13.25427703	26.36925431
The veterinarian informed the owner that he could admit Mittens for an emergency visit.	-2438.33228263	-2074.18455503	-1782.17964682	-1549.83432869	-1353.72491823	-1191.74747244	-1115.26253416	-988.56543302	-849.70234378	-724.47890207	-794.49332782	-730.32514838	-620.40207849	The veterinarian informed the owner that she could admit Mittens for an emergency visit.	-2443.94646623	-2077.72009858	-1793.13813549	-1562.30576516	-1360.10614054	-1196.38299854	-1121.35464888	-987.44379249	-847.04815833	-721.92884647	-784.57811121	-717.09706393	-616.61248943	5.61418361	3.53554355	10.95848867	12.47143647	6.38122232	4.63552610	6.09211472	-1.12164053	-2.65418545	-2.55005560	-9.91521661	-13.22808445	-3.78958907
The paramedic performed CPR on the passenger even though he knew it was too late.	-1602.57785063	-1635.39244984	-1543.17275792	-1379.42051968	-1277.46387608	-1181.50932762	-1159.97035939	-1042.12753499	-904.19608721	-783.76722550	-829.16489428	-728.45166315	-741.19100369	The paramedic performed CPR on the passenger even though she knew it was too late.	-1607.29972029	-1640.81260619	-1548.41108141	-1382.92430260	-1277.41332716	-1184.68050629	-1159.02109332	-1043.89124407	-908.87671556	-789.77854060	-835.39507866	-732.82142269	-756.31794093	4.72186966	5.42015635	5.23832349	3.50378292	-0.05054891	3.17117867	-0.94926608	1.76370908	4.68062835	6.01131509	6.23018438	4.36975954	15.12693724
The paramedic performed CPR on the passenger even though he was already dead.	-1853.47480713	-1874.72451499	-1734.14447225	-1520.44340896	-1377.15284175	-1253.58373856	-1190.34370521	-1057.26419984	-908.54476998	-773.77358263	-810.10506473	-735.85299780	-728.08206531	The paramedic performed CPR on the passenger even though she was already dead.	-1858.78691050	-1882.84593258	-1752.02496798	-1531.81281055	-1385.88798790	-1262.76134992	-1193.54225068	-1055.64258507	-908.90922801	-773.03578930	-811.95699881	-740.11233494	-735.78438457	5.31210337	8.12141759	17.88049572	11.36940159	8.73514616	9.17761136	3.19854547	-1.62161477	0.36445803	-0.73779333	1.85193408	4.25933714	7.70231927
The examiner inspected the body of the victim to determine a cause of death, but was unable to because he was too badly mutilated.	-1372.92566549	-1310.59166186	-1211.12833173	-1097.76788564	-1059.53189617	-976.88359886	-987.31609724	-962.58840383	-857.87481542	-790.85545262	-812.63467650	-748.11841508	-668.44675623	The examiner inspected the body of the victim to determine a cause of death, but was unable to because she was too badly mutilated.	-1376.53657830	-1310.55522950	-1212.10685292	-1097.27808214	-1058.31319281	-977.95430066	-988.93998108	-965.40500792	-858.77037116	-791.25649957	-808.67361520	-747.07253819	-668.29558672	3.61091281	-0.03643236	0.97852119	-0.48980350	-1.21870336	1.07070180	1.62388384	2.81660409	0.89555574	0.40104695	-3.96106130	-1.04587690	-0.15116951
The examiner inspected the body of the victim to determine a cause of death, but was unable to because he was too incompetent.	-1560.26769655	-1402.83960308	-1297.26772545	-1188.49050234	-1108.11021494	-1025.47120648	-1005.38090526	-957.05239201	-858.29421569	-787.77727753	-810.40014624	-730.66006631	-681.37258289	The examiner inspected the body of the victim to determine a cause of death, but was unable to because she was too incompetent.	-1563.87860936	-1402.96451288	-1298.10291938	-1187.48320214	-1106.90691155	-1026.22074378	-1005.84401117	-961.31361888	-860.05824383	-789.25321652	-807.36919812	-728.15736540	-685.10311482	3.61091281	0.12490981	0.83519393	-1.00730020	-1.20330338	0.74953730	0.46310591	4.26122687	1.76402813	1.47593899	-3.03094813	-2.50270091	3.73053193
The chemist told the visitor that he would need to put on safety glasses before entering the laboratory.	-1394.59340261	-1397.92257718	-1236.98031759	-1106.33790084	-1049.49461726	-978.12411638	-959.78742522	-897.08806719	-761.08819332	-658.94475025	-724.12329826	-655.02008334	-479.31225655	The chemist told the visitor that she would need to put on safety glasses before entering the laboratory.	-1399.86421621	-1395.49314778	-1236.31267625	-1108.33610226	-1053.41748577	-981.58302136	-963.79772440	-896.08031396	-761.49929345	-654.57858575	-719.05756158	-646.48493842	-489.38046470	5.27081359	-2.42942940	-0.66764134	1.99820142	3.92286851	3.45890498	4.01029918	-1.00775322	0.41110014	-4.36616450	-5.06573667	-8.53514492	10.06820815
The chemist told the visitor that he would be delighted to give a tour of the laboratory.	-1088.18090516	-1127.88810644	-1009.90285267	-909.82175665	-894.00086877	-879.99219261	-899.03986729	-853.96009387	-760.63219037	-679.99858372	-725.25042868	-664.09280185	-505.45517756	The chemist told the visitor that she would be delighted to give a tour of the laboratory.	-1093.76176661	-1129.28658014	-1010.82558661	-910.45599130	-895.04242785	-880.43648357	-899.97117643	-850.57647175	-759.80353031	-678.25794696	-723.74435908	-663.91621938	-517.36261278	5.58086145	1.39847370	0.92273395	0.63423465	1.04155909	0.44429096	0.93130914	-3.38362211	-0.82866006	-1.74063676	-1.50606960	-0.17658247	11.90743522
The machinist gave the child a laser cutter demonstration, but said it was too dangerous for him to try it out.	-1350.30614374	-1363.70191244	-1294.55616766	-1170.61597396	-1107.28337743	-1045.14300954	-1051.46679831	-964.79561921	-828.51188691	-709.92623359	-762.61050884	-677.89794127	-616.50659885	The machinist gave the child a laser cutter demonstration, but said it was too dangerous for her to try it out.	-1341.62274043	-1359.79648899	-1291.13255868	-1169.14465255	-1108.18241773	-1048.74748429	-1053.41243627	-966.36991070	-829.13310362	-710.96380012	-760.08914853	-677.39145732	-617.72644227	-8.68340331	-3.90542346	-3.42360898	-1.47132140	0.89904030	3.60447475	1.94563796	1.57429149	0.62121672	1.03756653	-2.52136031	-0.50648395	1.21984342
The machinist gave the child a laser cutter demonstration, but said only he could operate it.	-1723.35959598	-1646.56537906	-1505.64934200	-1323.68937238	-1217.05733361	-1117.94495894	-1080.75148744	-976.85409527	-834.32375724	-699.26733607	-764.06092782	-663.20948089	-619.83979202	The machinist gave the child a laser cutter demonstration, but said only she could operate it.	-1728.46033371	-1653.83447545	-1514.85668561	-1332.06934404	-1225.81227026	-1122.56221396	-1084.05680928	-978.89501271	-835.37862511	-700.61621909	-757.54357544	-652.05721002	-612.90069966	5.10073773	7.26909638	9.20734361	8.37997166	8.75493665	4.61725502	3.30532184	2.04091744	1.05486787	1.34888301	-6.51735238	-11.15227088	-6.93909235
The appraiser told the buyer that he had paid too much for the painting.	-1610.16516125	-1438.80935243	-1284.48126277	-1161.56683815	-1082.97008464	-1049.25899722	-1029.93721221	-938.49360262	-811.13557567	-678.22509328	-714.65709801	-628.15402670	-463.91358018	The appraiser told the buyer that she had paid too much for the painting.	-1616.13023133	-1441.44477989	-1289.45686171	-1168.51075858	-1088.15305338	-1051.63787073	-1035.43235245	-940.60804681	-811.02076794	-676.55519908	-709.71315855	-620.24431771	-482.95323509	5.96507008	2.63542746	4.97559894	6.94392043	5.18296874	2.37887352	5.49514024	2.11444419	-0.11480773	-1.66989420	-4.94393946	-7.90970899	19.03965492
The appraiser told the buyer that he valued the painting at ten thousand dollars.	-1963.86287070	-1688.42423379	-1463.05414976	-1317.71385645	-1219.81305010	-1141.19539922	-1081.77135610	-944.35800286	-822.10048605	-696.87058539	-738.72325674	-693.95322316	-498.90310371	The appraiser told the buyer that she valued the painting at ten thousand dollars.	-1969.82794078	-1690.32653405	-1466.19870457	-1316.28235922	-1218.32830835	-1132.47137253	-1078.19667299	-939.13905431	-818.25109861	-695.38625879	-732.92330814	-690.34048609	-513.78423131	5.96507008	1.90230026	3.14455482	-1.43149723	-1.48474175	-8.72402669	-3.57468311	-5.21894855	-3.84938744	-1.48432660	-5.79994860	-3.61273707	14.88112760
The nutritionist explained to the patient that cutting down on sugar would be an effective way to improve his diet.	-1306.22894141	-1283.23580516	-1153.83301807	-1062.19764539	-1051.96601474	-992.47074003	-980.91719622	-956.61854929	-828.26013962	-727.24571109	-758.62583340	-691.58482423	-529.58951013	The nutritionist explained to the patient that cutting down on sugar would be an effective way to improve her diet.	-1308.13487507	-1280.49513699	-1152.92575781	-1067.08051815	-1058.23042785	-997.92973362	-986.51620515	-957.70534007	-828.85364239	-727.53471788	-759.10038695	-693.68003610	-556.38448509	1.90593366	-2.74066817	-0.90726025	4.88287276	6.26441311	5.45899360	5.59900893	1.08679078	0.59350277	0.28900679	0.47455354	2.09521188	26.79497496
The nutritionist explained to the patient that it was his belief that diet and exercise were equally important.	-1301.93683037	-1267.78786608	-1132.81915895	-1016.19927198	-1017.35970829	-954.06636245	-975.20962108	-933.36273323	-807.75419615	-700.84348508	-722.97180054	-655.34758083	-474.79429166	The nutritionist explained to the patient that it was her belief that diet and exercise were equally important.	-1303.90097389	-1265.48917047	-1139.32746543	-1027.10135038	-1017.57519305	-957.97559253	-976.78277960	-932.74398657	-808.60371861	-703.07326555	-722.11179144	-655.51678566	-495.95801595	1.96414353	-2.29869561	6.50830648	10.90207840	0.21548476	3.90923009	1.57315852	-0.61874666	0.84952246	2.22978046	-0.86000911	0.16920483	21.16372429
The student set up a meeting with the architect to explore his career options.	-1482.89572674	-1565.51532553	-1355.70176530	-1206.56447332	-1095.27120874	-1024.32212786	-976.49692246	-896.00055648	-770.35999587	-664.81206353	-710.83312204	-594.74772639	-428.14800406	The student set up a meeting with the architect to explore her career options.	-1485.92026064	-1564.24023045	-1372.73103077	-1216.65513964	-1103.72288830	-1032.26286119	-991.09123392	-907.25551211	-779.53192366	-669.73822848	-717.37190254	-602.34960312	-469.95541575	3.02453391	-1.27509509	17.02926547	10.09066632	8.45167955	7.94073333	14.59431146	11.25495564	9.17192780	4.92616495	6.53878049	7.60187673	41.80741169
The student set up a meeting with the architect to view his blueprints for inspiration.	-1490.28333399	-1520.62412884	-1323.75745310	-1195.96714194	-1098.43228476	-1015.50565480	-990.82710505	-897.06008429	-780.58205922	-699.99694690	-752.14929388	-658.02892279	-469.43247194	The student set up a meeting with the architect to view her blueprints for inspiration.	-1492.77412662	-1519.49870783	-1328.23633816	-1194.87097550	-1100.19549867	-1019.54705834	-998.62929487	-895.55702411	-780.17623315	-699.80051110	-747.82398540	-651.10005056	-467.33511219	2.49079263	-1.12542101	4.47888506	-1.09616644	1.76321391	4.04140355	7.80218982	-1.50306018	-0.40582607	-0.19643581	-4.32530848	-6.92887223	-2.09735975
The hairdresser recommended a new shampoo to the client because he wanted to be helpful.	-2117.88810889	-1759.68595847	-1576.64486851	-1324.35589531	-1178.23464435	-1056.79569063	-1032.86394047	-942.50675928	-823.15400001	-730.66046268	-759.29592440	-633.39458960	-515.62498896	The hairdresser recommended a new shampoo to the client because she wanted to be helpful.	-2123.21289187	-1757.35235638	-1581.80977318	-1331.55660783	-1185.96436970	-1061.82079895	-1035.05837986	-944.83480242	-826.23069684	-733.65081228	-763.96414640	-641.69052392	-539.24328360	5.32478299	-2.33360209	5.16490468	7.20071252	7.72972534	5.02510832	2.19443939	2.32804314	3.07669683	2.99034961	4.66822201	8.29593431	23.61829464
The hairdresser recommended a new shampoo to the client because he wanted to try something different.	-2026.18023479	-1714.23093603	-1566.24484632	-1347.42418228	-1199.60729135	-1062.73265288	-1032.80741128	-938.67592330	-809.85077189	-711.07964457	-745.53863031	-636.43608220	-560.56965401	The hairdresser recommended a new shampoo to the client because she wanted to try something different.	-2031.22476604	-1711.56453538	-1568.25483545	-1351.54955577	-1205.24223279	-1066.12414405	-1034.29801791	-940.34458229	-812.08481405	-713.16367142	-747.83012584	-644.78167637	-578.77027963	5.04453125	-2.66640065	2.00998913	4.12537349	5.63494143	3.39149118	1.49060663	1.66865899	2.23404217	2.08402685	2.29149552	8.34559417	18.20062562
The customer ordered a chocolate cake from the baker even though he was on a low-carb diet.	-1385.24791684	-1438.36640243	-1349.99840562	-1222.39461901	-1124.81521580	-1052.40820375	-1042.72183874	-983.90335456	-874.43121393	-766.52776915	-765.59848228	-633.53376509	-588.23168556	The customer ordered a chocolate cake from the baker even though she was on a low-carb diet.	-1390.31342463	-1437.51514220	-1354.62288027	-1230.87213667	-1129.98704088	-1056.41177341	-1042.20148143	-982.16627226	-874.34078178	-769.10573932	-765.28774461	-644.25990482	-597.96044424	5.06550779	-0.85126023	4.62447464	8.47751766	5.17182509	4.00356966	-0.52035731	-1.73708230	-0.09043215	2.57797017	-0.31073767	10.72613973	9.72875868
The customer ordered a chocolate cake from the baker even though he had bad reviews online.	-1714.42228391	-1644.13367997	-1502.19031028	-1285.51025461	-1172.50584107	-1061.13766844	-1019.53424317	-934.55862729	-826.06175562	-735.86055315	-764.80716213	-630.61313022	-436.61469870	The customer ordered a chocolate cake from the baker even though she had bad reviews online.	-1720.43757441	-1646.17920570	-1513.97060245	-1298.02459195	-1183.50632314	-1068.83840290	-1022.33390746	-937.00721807	-829.57885454	-740.41351788	-764.24470847	-636.71355401	-444.56459850	6.01529050	2.04552573	11.78029217	12.51433735	11.00048207	7.70073445	2.79966429	2.44859077	3.51709891	4.55296473	-0.56245366	6.10042380	7.94989979
The programmer volunteered to teach the student to code because he wanted to earn good karma.	-1801.09825499	-1647.80149749	-1474.68916017	-1258.96884938	-1113.91487127	-994.12651257	-971.69579137	-875.96069767	-793.63305958	-700.25528429	-714.94915137	-587.92287621	-453.77693401	The programmer volunteered to teach the student to code because she wanted to earn good karma.	-1807.02812815	-1645.52411139	-1480.61681770	-1259.40130185	-1113.08803011	-991.88444286	-971.38318686	-874.50529408	-789.21211312	-698.86229677	-716.04357339	-591.59080926	-470.41409508	5.92987316	-2.27738609	5.92765753	0.43245247	-0.82684116	-2.24206971	-0.31260451	-1.45540359	-4.42094645	-1.39298752	1.09442202	3.66793305	16.63716108
The programmer volunteered to teach the student to code because he wanted to become a web developer.	-1636.45954685	-1574.58896446	-1395.17174435	-1221.93229749	-1095.57696028	-1021.07383926	-1014.33277316	-949.66835093	-872.37730845	-779.29148577	-801.23748113	-688.89127135	-599.64995492	The programmer volunteered to teach the student to code because she wanted to become a web developer.	-1642.04060394	-1576.23024781	-1403.21796873	-1223.88783752	-1093.35882705	-1018.78327616	-1009.31664927	-943.00148270	-868.87559791	-777.24468501	-804.41100175	-704.80252596	-633.38197412	5.58105709	1.64128336	8.04622438	1.95554003	-2.21813323	-2.29056310	-5.01612389	-6.66686824	-3.50171054	-2.04680076	3.17352062	15.91125461	33.73201920
The paralegal forgot to file paperwork for the client so he was fired.	-1821.11868194	-1622.16973008	-1526.05062368	-1330.08380482	-1200.75014255	-1126.59330053	-1082.20029725	-974.89632527	-844.91799564	-771.43446939	-782.31764030	-670.26205913	-611.57542723	The paralegal forgot to file paperwork for the client so she was fired.	-1826.78492553	-1628.26931235	-1534.60611499	-1337.68002427	-1206.32253534	-1132.98371143	-1085.49363267	-976.06714699	-849.65612732	-783.90913089	-786.49301367	-670.83629169	-626.87316600	5.66624359	6.09958227	8.55549131	7.59621945	5.57239279	6.39041089	3.29333542	1.17082171	4.73813168	12.47466150	4.17537338	0.57423256	15.29773876
The paralegal forgot to file paperwork for the client so he got fed up and went to a different law firm.	-1470.16093212	-1455.52133640	-1403.22834605	-1274.91480973	-1181.92866681	-1104.10298371	-1072.52422527	-998.34851864	-880.64985219	-791.37110265	-782.88072574	-689.71068533	-612.12806392	The paralegal forgot to file paperwork for the client so she got fed up and went to a different law firm.	-1473.85630838	-1458.06414125	-1406.95212915	-1280.69918257	-1186.09768542	-1109.37092374	-1076.35354974	-1001.21471280	-883.02357535	-797.84015145	-789.02035233	-693.41943723	-634.52654872	3.69537626	2.54280484	3.72378310	5.78437284	4.16901861	5.26794003	3.82932447	2.86619416	2.37372317	6.46904880	6.13962659	3.70875189	22.39848480
The hygienist told the patient that he needed to floss every day to avoid gum disease.	-2030.10888927	-1858.81934339	-1739.03561897	-1579.02217297	-1374.65290653	-1244.73846278	-1174.77207682	-1057.77941980	-888.72494824	-788.96073630	-810.32656070	-761.76729368	-708.51694125	The hygienist told the patient that she needed to floss every day to avoid gum disease.	-2034.83178338	-1859.52683201	-1737.29557021	-1577.64651520	-1375.56429817	-1246.04448917	-1180.79890950	-1060.03012473	-887.82938387	-786.45363269	-808.26432336	-765.49653770	-735.46991493	4.72289411	0.70748861	-1.74004876	-1.37565777	0.91139164	1.30602639	6.02683268	2.25070493	-0.89556437	-2.50710361	-2.06223734	3.72924402	26.95297368
The hygienist told the patient that he needed to perform a full mouth x-ray.	-2016.50113335	-1928.63220972	-1822.69862114	-1611.20714720	-1417.11925782	-1281.99732805	-1208.11989837	-1059.38096287	-913.55499442	-809.01415249	-819.62839923	-783.57819299	-763.42395597	The hygienist told the patient that she needed to perform a full mouth x-ray.	-2021.74879348	-1927.69180353	-1821.75920109	-1613.76213397	-1419.75258474	-1283.73550556	-1213.50300640	-1060.05327444	-914.79096992	-806.07785339	-818.26592189	-781.47387572	-789.36764307	5.24766013	-0.94040619	-0.93942005	2.55498677	2.63332692	1.73817751	5.38310803	0.67231157	1.23597550	-2.93629910	-1.36247735	-2.10431728	25.94368709
The undergraduate applied to work with the scientist because he needed a lab assistant.	-1338.52841320	-1515.25384972	-1333.31437606	-1222.78043662	-1106.54995725	-971.07627000	-978.35234649	-879.22965668	-787.87086083	-707.81553251	-738.52013566	-604.97963020	-495.83920767	The undergraduate applied to work with the scientist because she needed a lab assistant.	-1345.27540479	-1513.00249506	-1348.57967801	-1234.30902692	-1114.32865419	-982.57240169	-981.48337506	-877.14511206	-787.47971486	-711.68724179	-741.48813698	-604.76522463	-495.69485857	6.74699159	-2.25135465	15.26530195	11.52859030	7.77869694	11.49613170	3.13102856	-2.08454461	-0.39114597	3.87170927	2.96800132	-0.21440558	-0.14434910
The undergraduate applied to work with the scientist because he needed more experience in the lab.	-1196.30600504	-1329.21610799	-1170.16258695	-1073.03603053	-1032.73897733	-928.72674329	-943.08873178	-862.43795554	-763.76742183	-684.22179179	-713.94666035	-599.09091899	-444.23721350	The undergraduate applied to work with the scientist because she needed more experience in the lab.	-1202.20962269	-1327.65378812	-1187.81960513	-1087.17705005	-1041.39527720	-938.50377518	-947.09819974	-862.96870703	-764.86194738	-687.40678343	-716.16578814	-601.82887235	-450.70904954	5.90361764	-1.56231987	17.65701818	14.14101953	8.65629986	9.77703189	4.00946796	0.53075149	1.09452556	3.18499163	2.21912778	2.73795336	6.47183605
The bystander called 911 and spoke to the dispatcher who said he was sending help.	-1417.91067361	-1387.89101691	-1304.31823951	-1241.28899972	-1192.62842982	-1094.81606021	-1058.48505208	-963.43455265	-865.82426599	-770.76710480	-829.37869969	-698.08052026	-551.57620882	The bystander called 911 and spoke to the dispatcher who said she was sending help.	-1423.24825440	-1386.69963504	-1303.44041866	-1244.63102777	-1195.11359559	-1101.41253612	-1061.62201259	-966.39754148	-866.34760534	-773.01565664	-831.22706726	-689.40955013	-541.32610634	5.33758079	-1.19138188	-0.87782084	3.34202804	2.48516577	6.59647590	3.13696051	2.96298883	0.52333935	2.24855183	1.84836757	-8.67097014	-10.25010248
The bystander called 911 and spoke to the dispatcher who said he should wait for help in a safe location.	-1400.60706434	-1397.90077067	-1299.19915424	-1217.15656834	-1170.59760939	-1090.50694296	-1062.92031645	-993.48509477	-881.72851340	-777.43354069	-833.54580704	-710.50712676	-572.17663847	The bystander called 911 and spoke to the dispatcher who said she should wait for help in a safe location.	-1404.78430148	-1397.45989074	-1298.56615553	-1218.91804638	-1172.53826085	-1094.62350531	-1064.96178355	-994.67392056	-883.74975996	-777.85353854	-833.08801492	-711.56050717	-573.23231623	4.17723714	-0.44087993	-0.63299871	1.76147805	1.94065145	4.11656235	2.04146710	1.18882579	2.02124656	0.41999785	-0.45779212	1.05338041	1.05567776
The cashier told the customer that he couldn't use a credit card for a purchase under ten dollars.	-1583.52984138	-1464.69337082	-1342.41032175	-1241.53422055	-1134.64318921	-1057.90137172	-1003.62408116	-919.36304971	-788.67353545	-682.58700809	-729.66658494	-667.21861569	-528.33332390	The cashier told the customer that she couldn't use a credit card for a purchase under ten dollars.	-1588.42578844	-1466.63230090	-1344.30838081	-1242.87732980	-1134.86126607	-1058.32242500	-1006.54319493	-919.72113216	-792.19828476	-686.30824279	-731.44296011	-671.38596191	-543.93461381	4.89594706	1.93893008	1.89805906	1.34310925	0.21807686	0.42105328	2.91911376	0.35808245	3.52474931	3.72123470	1.77637517	4.16734622	15.60128991
The cashier told the customer that he couldn't accept credit cards for a purchases under ten dollars.	-1808.45861164	-1606.43529730	-1438.11197296	-1311.40641168	-1183.24211140	-1076.01600318	-1024.16546557	-936.65924896	-793.39029217	-677.43295689	-722.16644581	-644.68051538	-463.61441109	The cashier told the customer that she couldn't accept credit cards for a purchases under ten dollars.	-1813.61224013	-1605.51862732	-1438.70595290	-1313.58537355	-1183.71564632	-1076.22279131	-1027.03190545	-936.94304115	-796.59128295	-682.26172099	-723.80988567	-650.97604406	-479.50776783	5.15362849	-0.91666998	0.59397994	2.17896187	0.47353492	0.20678814	2.86643989	0.28379219	3.20099078	4.82876410	1.64343986	6.29552868	15.89335674
The auditor asked the taxpayer to provide records for him to scrutinize.	-1862.24074575	-1798.21628673	-1670.58111967	-1411.06390121	-1262.96161602	-1154.02191833	-1060.34110795	-990.60582327	-868.48603453	-762.95110249	-775.80304672	-703.98011422	-641.69382154	The auditor asked the taxpayer to provide records for her to scrutinize.	-1848.55659595	-1789.86549433	-1663.41166094	-1406.28150181	-1271.00776214	-1162.50381880	-1067.01610481	-994.78886926	-871.02527377	-762.63540948	-783.35365059	-716.54687166	-685.68845510	-13.68414980	-8.35079240	-7.16945874	-4.78239940	8.04614613	8.48190047	6.67499685	4.18304600	2.53923924	-0.31569301	7.55060387	12.56675744	43.99463356
The auditor asked the taxpayer to provide records of his financial transactions.	-1555.78873793	-1592.35802661	-1423.81038292	-1250.27202904	-1141.21982245	-1055.73317680	-967.71956517	-901.10837412	-756.75831473	-636.34831051	-689.19425024	-667.15322156	-649.24485074	The auditor asked the taxpayer to provide records of her financial transactions.	-1559.14534441	-1594.13309115	-1447.96383819	-1267.51449752	-1144.19081463	-1059.87013897	-978.32429335	-902.67150442	-758.16794980	-641.15234426	-690.37276790	-662.44199142	-653.60280270	3.35660648	1.77506454	24.15345527	17.24246847	2.97099218	4.13696218	10.60472818	1.56313030	1.40963507	4.80403374	1.17851766	-4.71123014	4.35795196
The dietitian encouraged the client to eat three square meals a day because that was the advice he gave everyone.	-1527.08008683	-1485.74441036	-1401.74356810	-1270.04922482	-1172.57335451	-1063.98029791	-1025.39990864	-939.64644780	-830.10667851	-715.58065598	-744.54235191	-641.11659099	-459.32133561	The dietitian encouraged the client to eat three square meals a day because that was the advice she gave everyone.	-1531.44166016	-1488.44624774	-1402.45357317	-1271.82722785	-1171.36466862	-1061.62624886	-1024.69138070	-937.99804300	-831.24207294	-720.72592235	-748.09434780	-650.14637806	-475.01396240	4.36157333	2.70183738	0.71000507	1.77800303	-1.20868589	-2.35404904	-0.70852794	-1.64840479	1.13539443	5.14526637	3.55199589	9.02978707	15.69262679
The dietitian encouraged the client to eat three square meals a day because he was not getting enough to eat.	-1514.56614699	-1467.84383018	-1383.14655914	-1272.05207892	-1155.16319082	-1044.18050543	-1010.35854205	-937.01912361	-802.05918699	-696.83554640	-726.00781896	-658.38224346	-536.91835868	The dietitian encouraged the client to eat three square meals a day because she was not getting enough to eat.	-1518.73947786	-1468.66468274	-1383.67204119	-1275.03832646	-1155.68782846	-1044.17922724	-1009.25149833	-936.70946635	-804.25674861	-699.24767232	-726.52606389	-664.25931949	-547.08419596	4.17333087	0.82085256	0.52548205	2.98624754	0.52463764	-0.00127820	-1.10704372	-0.30965726	2.19756162	2.41212591	0.51824494	5.87707603	10.16583728
The painter sold an entire collection of paintings to the customer because he had to shut down the gallery.	-1297.56344264	-1315.96012145	-1219.40511816	-1107.75261707	-1010.92447514	-948.65248880	-944.03042937	-874.40831158	-779.24832698	-685.50301723	-715.76186298	-594.28794302	-412.49258629	The painter sold an entire collection of paintings to the customer because she had to shut down the gallery.	-1302.03679285	-1316.11393196	-1226.09634589	-1113.23568209	-1014.48945404	-952.42435431	-948.14323030	-878.93529763	-786.23224341	-698.42107423	-721.91072993	-605.22616795	-424.36746011	4.47335021	0.15381050	6.69122774	5.48306502	3.56497890	3.77186550	4.11280093	4.52698605	6.98391643	12.91805700	6.14886695	10.93822493	11.87487382
The painter sold an entire collection of paintings to the customer because he made an offer that was hard to refuse.	-1345.84010391	-1373.89250268	-1242.47621055	-1102.65984674	-1023.53549257	-950.88989366	-981.71591640	-911.18738328	-837.54633375	-712.55498783	-731.71518123	-607.22442290	-366.81721931	The painter sold an entire collection of paintings to the customer because she made an offer that was hard to refuse.	-1349.88742076	-1373.10114730	-1250.53550260	-1108.66536456	-1027.57090174	-957.27675870	-987.73728006	-918.28292825	-845.47862693	-723.01572395	-736.60620328	-609.20567660	-378.97637048	4.04731685	-0.79135538	8.05929205	6.00551782	4.03540917	6.38686504	6.02136367	7.09554498	7.93229318	10.46073612	4.89102205	1.98125370	12.15915117
The broker called the client because he had new stocks to recommend.	-1601.88025058	-1540.24820372	-1397.70368785	-1216.01647184	-1083.22365188	-967.00546236	-948.93485361	-905.69348937	-789.89112791	-696.60660410	-712.93607065	-605.86031385	-385.26225415	The broker called the client because she had new stocks to recommend.	-1609.78647097	-1540.63293960	-1399.29514551	-1221.08373507	-1082.77204907	-971.10390463	-948.05158457	-900.17904418	-790.74747848	-699.90731028	-714.03720783	-610.05338733	-378.34390589	7.90622039	0.38473588	1.59145766	5.06726323	-0.45160281	4.09844227	-0.88326904	-5.51444519	0.85635057	3.30070618	1.10113718	4.19307348	-6.91834827
The broker called the client because he had requested a phone consultation.	-1486.10524701	-1468.61061646	-1286.23299759	-1149.87698261	-1034.30866178	-961.08180080	-943.46841013	-837.06931492	-727.98267458	-628.26544227	-675.43502547	-563.31925793	-364.47643305	The broker called the client because she had requested a phone consultation.	-1494.01146740	-1471.75324172	-1293.71050513	-1156.40191182	-1035.87297959	-965.90251958	-944.59652444	-838.70212100	-733.17134316	-630.78661730	-677.65915656	-565.47022196	-380.29112439	7.90622039	3.14262526	7.47750754	6.52492921	1.56431781	4.82071878	1.12811431	1.63280608	5.18866858	2.52117502	2.22413109	2.15096403	15.81469134
The chef came out to apologize to the guest who was unhappy with his dinner.	-1190.34375841	-1206.55154229	-1110.57710811	-1023.83628464	-991.20622607	-927.04337082	-964.32696095	-888.85905768	-754.44783805	-647.04271469	-702.91360968	-582.82248810	-410.78479163	The chef came out to apologize to the guest who was unhappy with her dinner.	-1192.53434516	-1200.46298681	-1117.60297322	-1034.69724595	-999.40032429	-939.44057445	-978.51830642	-894.55903233	-762.03536719	-658.01028618	-707.92531999	-581.16225073	-415.69112596	2.19058675	-6.08855548	7.02586510	10.86096131	8.19409822	12.39720363	14.19134547	5.69997465	7.58752915	10.96757149	5.01171031	-1.66023736	4.90633433
The chef came out to apologize to the guest who was unhappy with his preparation style.	-1269.37557249	-1323.00874559	-1171.84324427	-1057.70878629	-1032.10775303	-958.89407370	-991.56055910	-918.91220653	-781.27795635	-667.20571673	-707.96243835	-563.87108566	-377.95608815	The chef came out to apologize to the guest who was unhappy with her preparation style.	-1271.42924757	-1321.37875093	-1180.75891836	-1065.03206557	-1039.15692312	-969.59058690	-999.16539610	-924.71016714	-788.48268630	-676.82202735	-714.66403771	-568.41856923	-395.06409000	2.05367508	-1.62999466	8.91567409	7.32327928	7.04917009	10.69651319	7.60483700	5.79796061	7.20472995	9.61631062	6.70159935	4.54748357	17.10800185
The doctor told the patient that he would be at risk without the vaccination.	-1403.56318815	-1436.50468012	-1291.64712638	-1143.78323325	-1123.51207920	-1051.34099289	-1003.44176473	-900.73686291	-782.86512480	-681.68667976	-717.55379800	-632.52194474	-506.33225641	The doctor told the patient that she would be at risk without the vaccination.	-1409.49285345	-1437.36607446	-1295.75126286	-1148.81406027	-1129.01555476	-1052.52385686	-1005.89220488	-900.39027063	-780.35317303	-672.69981483	-711.71295222	-636.86131908	-531.08353302	5.92966529	0.86139434	4.10413648	5.03082702	5.50347557	1.18286398	2.45044015	-0.34659229	-2.51195177	-8.98686493	-5.84084579	4.33937433	24.75127661
The doctor told the patient that he would be on vacation next week.	-1017.46955963	-1164.76868086	-1083.57957402	-1025.79949236	-1038.12388602	-1002.38374336	-962.35584143	-891.06061985	-761.88521849	-665.39578350	-722.86774729	-618.80775891	-491.70229091	The doctor told the patient that she would be on vacation next week.	-1024.76760922	-1166.79210850	-1086.13965990	-1028.67830004	-1040.55899122	-1003.02103397	-961.51643221	-888.17231298	-757.87263585	-657.32611805	-717.35968077	-620.99715210	-520.99330218	7.29804959	2.02342764	2.56008588	2.87880769	2.43510520	0.63729061	-0.83940923	-2.88830687	-4.01258265	-8.06966545	-5.50806652	2.18939319	29.29101126
The firefighter had to rescue the child from the burning building because he could not escape.	-1299.71565078	-1356.09767769	-1264.43424993	-1174.02076361	-1080.69317877	-958.40397852	-923.46630858	-859.21911642	-764.68369085	-689.52783748	-728.31919756	-637.36495237	-457.28802747	The firefighter had to rescue the child from the burning building because she could not escape.	-1305.35365629	-1360.79584185	-1266.02155297	-1174.43557434	-1078.30128118	-957.30140365	-921.55098126	-861.27608564	-764.64345281	-684.21277052	-721.23980985	-636.55280899	-480.57967587	5.63800551	4.69816416	1.58730304	0.41481072	-2.39189759	-1.10257486	-1.91532732	2.05696922	-0.04023805	-5.31506695	-7.07938772	-0.81214338	23.29164840
The firefighter had to rescue the child from the burning building because he could not just stand by and do nothing.	-993.70626947	-1131.27008424	-1127.65175137	-1132.26986921	-1088.94797092	-1012.76632364	-996.59820485	-946.11046720	-844.07445004	-774.04583163	-770.14871082	-661.66109400	-508.69819806	The firefighter had to rescue the child from the burning building because she could not just stand by and do nothing.	-998.06291009	-1134.38751010	-1128.78020065	-1133.97180179	-1089.60900612	-1015.91598736	-999.19925176	-950.98189394	-846.46938054	-772.80389282	-769.12690872	-667.57092304	-515.06455177	4.35664062	3.11742585	1.12844929	1.70193258	0.66103520	3.14966373	2.60104691	4.87142674	2.39493050	-1.24193881	-1.02180210	5.90982903	6.36635371
The secretary asked the visitor to sign in so that he could update the guest log.	-1431.13293712	-1364.89776464	-1243.05169597	-1139.16176011	-1088.36216321	-1012.45995870	-1008.10970183	-913.95887480	-775.91555846	-659.33823081	-698.53656151	-608.96685329	-391.64083648	The secretary asked the visitor to sign in so that she could update the guest log.	-1437.06281028	-1367.36229463	-1247.02802246	-1142.16987964	-1090.58477014	-1017.40644109	-1021.40759140	-916.68706061	-781.81885838	-666.91468464	-708.17334189	-619.46109937	-414.12658986	5.92987316	2.46452999	3.97632649	3.00811953	2.22260693	4.94648240	13.29788957	2.72818580	5.90329992	7.57645382	9.63678038	10.49424608	22.48575338
The secretary asked the visitor to sign in so that he could be issued a guest badge.	-1156.16532776	-1244.17382285	-1164.77020052	-1058.77959796	-1042.49022545	-1005.47194702	-1009.03976155	-931.82368592	-795.06078907	-672.59739802	-717.74468673	-649.21924389	-442.34161906	The secretary asked the visitor to sign in so that she could be issued a guest badge.	-1161.74638486	-1246.33710301	-1168.99331723	-1062.42038316	-1042.07410763	-1007.95969615	-1019.74175877	-936.56854296	-802.44360727	-681.03680533	-724.85314331	-655.96759368	-462.34316104	5.58105709	2.16328015	4.22311671	3.64078521	-0.41611782	2.48774913	10.70199722	4.74485705	7.38281820	8.43940731	7.10845658	6.74834979	20.00154198
